schema_version,event_id,source,event_date,hazard_type,hazard_subtype,severity,country,state,district,subdistrict,village,admin_level,latitude,longitude,location_source,fatalities,injured,displaced,affected_population,economic_loss,headline,description,source_name,source_url,confidence,verified,collected_at,_source_file,source_event_id,distance_km,wind_knots,alert_level,review_reason
1.0,EVT_ed0dcce3995746d58cc1a38b27e41791,GDELT,1970-01-01 00:00:00+00:00,FLOOD,,SEVERE,India,Arunachal Pradesh,Tawang,,,STATE,,,STATE,,,,,,,,GDELT,http://www.dailymail.co.uk/indiahome/indianews/article-3063142/RAISINA-TATTLE-Parrikar-s-North-East-visit.html,70.0,True,2026-06-26 16:07:52.226638+00:00,/Users/ThotKash/Desktop/Project-SusBiome/data/bronze/ground_truth/gdelt_ground_truth.parquet,,,,,invalid_date;missing_coordinates
1.0,EVT_d6249f53e1734cc38726f4d304f07804,GDELT,1970-01-01 00:00:00+00:00,FLOOD,,SEVERE,India,Arunachal Pradesh,Tawang,,,STATE,,,STATE,,,,,,,,GDELT,http://www.dailymail.co.uk/indiahome/indianews/article-3063142/RAISINA-TATTLE-Parrikar-s-North-East-visit.html,60.0,True,2026-06-26 16:07:52.226978+00:00,/Users/ThotKash/Desktop/Project-SusBiome/data/bronze/ground_truth/gdelt_ground_truth.parquet,,,,,invalid_date;missing_coordinates;low_confidence
1.0,EVT_db2f5b267eb8470992eaf726a3084aac,GDELT,1970-01-01 00:00:00+00:00,FLOOD,,MINOR,India,Tripura,,,,STATE,,,STATE,,,,,,,,GDELT,http://www.dailyexcelsior.com/india-wont-provoke-conflict-but-befitting-reply-if-attacked-hm/,29.75,False,2026-06-26 16:07:52.227067+00:00,/Users/ThotKash/Desktop/Project-SusBiome/data/bronze/ground_truth/gdelt_ground_truth.parquet,,,,,not_verified;invalid_date;missing_coordinates;low_confidence
1.0,EVT_50ff5022699142228ccc9ed478e89290,GDELT,1970-01-01 00:00:00+00:00,FLOOD,,MODERATE,India,Assam,,,,STATE,,,STATE,,,,,,,,GDELT,http://www.dailymail.co.uk/indiahome/indianews/article-3063142/RAISINA-TATTLE-Parrikar-s-North-East-visit.html,46.75,False,2026-06-26 16:07:52.227138+00:00,/Users/ThotKash/Desktop/Project-SusBiome/data/bronze/ground_truth/gdelt_ground_truth.parquet,,,,,not_verified;invalid_date;missing_coordinates;low_confidence
1.0,EVT_49e1cd17090e4020afe8dbbd01340359,GDELT,1970-01-01 00:00:00+00:00,FLOOD,,MODERATE,India,Assam,,,,STATE,,,STATE,,,,,,,,GDELT,http://www.dailymail.co.uk/indiahome/indianews/article-3063142/RAISINA-TATTLE-Parrikar-s-North-East-visit.html,55.25,False,2026-06-26 16:07:52.227205+00:00,/Users/ThotKash/Desktop/Project-SusBiome/data/bronze/ground_truth/gdelt_ground_truth.parquet,,,,,not_verified;invalid_date;missing_coordinates;low_confidence
1.0,EVT_e38b271bdd9841d280f64aa022e40ded,GDELT,1970-01-01 00:00:00+00:00,FLOOD,,MODERATE,India,Assam,,,,STATE,,,STATE,,,,,,,,GDELT,http://www.dailymail.co.uk/indiahome/indianews/article-3063142/RAISINA-TATTLE-Parrikar-s-North-East-visit.html,51.0,False,2026-06-26 16:07:52.227269+00:00,/Users/ThotKash/Desktop/Project-SusBiome/data/bronze/ground_truth/gdelt_ground_truth.parquet,,,,,not_verified;invalid_date;missing_coordinates;low_confidence
1.0,EVT_c73f537ac2c24ec68f26ae370c679af8,GDELT,1970-01-01 00:00:00+00:00,FLOOD,,MINOR,India,Assam,,,,STATE,,,STATE,,,,,,,,GDELT,http://www.dailymail.co.uk/indiahome/indianews/article-3063142/RAISINA-TATTLE-Parrikar-s-North-East-visit.html,29.75,False,2026-06-26 16:07:52.227329+00:00,/Users/ThotKash/Desktop/Project-SusBiome/data/bronze/ground_truth/gdelt_ground_truth.parquet,,,,,not_verified;invalid_date;missing_coordinates;low_confidence
1.0,EVT_69d95f6de95c4a649594c68b9e6f24eb,GDELT,1970-01-01 00:00:00+00:00,FLOOD,,MINOR,India,Assam,,,,STATE,,,STATE,,,,,,,,GDELT,http://www.dailymail.co.uk/indiahome/indianews/article-3063142/RAISINA-TATTLE-Parrikar-s-North-East-visit.html,34.0,False,2026-06-26 16:07:52.227388+00:00,/Users/ThotKash/Desktop/Project-SusBiome/data/bronze/ground_truth/gdelt_ground_truth.parquet,,,,,not_verified;invalid_date;missing_coordinates;low_confidence
1.0,EVT_0cd212506a1f45d88fb3f363e0a4c734,GDELT,1970-01-01 00:00:00+00:00,FLOOD,,MINOR,India,Assam,,,,STATE,,,STATE,,,,,,,,GDELT,http://www.dailymail.co.uk/indiahome/indianews/article-3063142/RAISINA-TATTLE-Parrikar-s-North-East-visit.html,29.75,False,2026-06-26 16:07:52.227446+00:00,/Users/ThotKash/Desktop/Project-SusBiome/data/bronze/ground_truth/gdelt_ground_truth.parquet,,,,,not_verified;invalid_date;missing_coordinates;low_confidence
1.0,EVT_d4338e3efa1649fa91b08d6ff8d0a55c,GDELT,1970-01-01 00:00:00+00:00,FLOOD,,MODERATE,India,Assam,,,,STATE,,,STATE,,,,,,,,GDELT,http://www.dailymail.co.uk/indiahome/indianews/article-3063142/RAISINA-TATTLE-Parrikar-s-North-East-visit.html,46.75,False,2026-06-26 16:07:52.227501+00:00,/Users/ThotKash/Desktop/Project-SusBiome/data/bronze/ground_truth/gdelt_ground_truth.parquet,,,,,not_verified;invalid_date;missing_coordinates;low_confidence
1.0,EVT_22b8de12c4204a6cbb73a747b4697d78,GDELT,1970-01-01 00:00:00+00:00,FLOOD,,SEVERE,India,Arunachal Pradesh,Tawang,,,STATE,,,STATE,,,,,,,,GDELT,http://www.dailymail.co.uk/indiahome/indianews/article-3063142/RAISINA-TATTLE-Parrikar-s-North-East-visit.html,70.0,True,2026-06-26 16:07:52.227556+00:00,/Users/ThotKash/Desktop/Project-SusBiome/data/bronze/ground_truth/gdelt_ground_truth.parquet,,,,,invalid_date;missing_coordinates
1.0,EVT_8df72867005d4943add10305c9b67c4a,GDELT,1970-01-01 00:00:00+00:00,FLOOD,,SEVERE,India,Arunachal Pradesh,Tawang,,,STATE,,,STATE,,,,,,,,GDELT,http://www.dailymail.co.uk/indiahome/indianews/article-3063142/RAISINA-TATTLE-Parrikar-s-North-East-visit.html,60.0,True,2026-06-26 16:07:52.227616+00:00,/Users/ThotKash/Desktop/Project-SusBiome/data/bronze/ground_truth/gdelt_ground_truth.parquet,,,,,invalid_date;missing_coordinates;low_confidence
1.0,EVT_22330e4799da4dfd815ed8ab76e60515,GDELT,1970-01-01 00:00:00+00:00,FLOOD,,MODERATE,India,Assam,,,,STATE,,,STATE,,,,,,,,GDELT,http://www.dailymail.co.uk/indiahome/indianews/article-3063142/RAISINA-TATTLE-Parrikar-s-North-East-visit.html,59.5,False,2026-06-26 16:07:52.227672+00:00,/Users/ThotKash/Desktop/Project-SusBiome/data/bronze/ground_truth/gdelt_ground_truth.parquet,,,,,not_verified;invalid_date;missing_coordinates;low_confidence
1.0,EVT_38ae656bd2e64d40b2c289724fee9c90,GDELT,1970-01-01 00:00:00+00:00,FLOOD,,MINOR,India,Assam,,,,STATE,,,STATE,,,,,,,,GDELT,http://www.dailymail.co.uk/indiahome/indianews/article-3063142/RAISINA-TATTLE-Parrikar-s-North-East-visit.html,29.75,False,2026-06-26 16:07:52.227725+00:00,/Users/ThotKash/Desktop/Project-SusBiome/data/bronze/ground_truth/gdelt_ground_truth.parquet,,,,,not_verified;invalid_date;missing_coordinates;low_confidence
1.0,EVT_4f11b6909ff047da9a75d78ff4cdfa41,GDELT,1970-01-01 00:00:00+00:00,FLOOD,,MODERATE,India,Assam,,,,STATE,,,STATE,,,,,,,,GDELT,http://www.dailymail.co.uk/indiahome/indianews/article-3063142/RAISINA-TATTLE-Parrikar-s-North-East-visit.html,51.0,False,2026-06-26 16:07:52.227778+00:00,/Users/ThotKash/Desktop/Project-SusBiome/data/bronze/ground_truth/gdelt_ground_truth.parquet,,,,,not_verified;invalid_date;missing_coordinates;low_confidence
1.0,EVT_5fd81c01b55745288d5240498d050d53,GDELT,1970-01-01 00:00:00+00:00,FLOOD,,MODERATE,India,Assam,,,,STATE,,,STATE,,,,,,,,GDELT,http://www.dailymail.co.uk/indiahome/indianews/article-3063142/RAISINA-TATTLE-Parrikar-s-North-East-visit.html,55.25,False,2026-06-26 16:07:52.227830+00:00,/Users/ThotKash/Desktop/Project-SusBiome/data/bronze/ground_truth/gdelt_ground_truth.parquet,,,,,not_verified;invalid_date;missing_coordinates;low_confidence
1.0,EVT_9bbd70f7d23742eca53590202adacbd6,GDELT,1970-01-01 00:00:00+00:00,FLOOD,,SEVERE,India,Arunachal Pradesh,Tawang,,,STATE,,,STATE,,,,,,,,GDELT,http://www.dailymail.co.uk/indiahome/indianews/article-3063142/RAISINA-TATTLE-Parrikar-s-North-East-visit.html,70.0,True,2026-06-26 16:07:52.227884+00:00,/Users/ThotKash/Desktop/Project-SusBiome/data/bronze/ground_truth/gdelt_ground_truth.parquet,,,,,invalid_date;missing_coordinates
1.0,EVT_6b6f99cad90a4d4d92a70e7d4ba91f4c,GDELT,1970-01-01 00:00:00+00:00,FLOOD,,SEVERE,India,Arunachal Pradesh,Tawang,,,STATE,,,STATE,,,,,,,,GDELT,http://www.dailymail.co.uk/indiahome/indianews/article-3063142/RAISINA-TATTLE-Parrikar-s-North-East-visit.html,60.0,True,2026-06-26 16:07:52.227937+00:00,/Users/ThotKash/Desktop/Project-SusBiome/data/bronze/ground_truth/gdelt_ground_truth.parquet,,,,,invalid_date;missing_coordinates;low_confidence
1.0,EVT_48773c1d7b94413d9ab1a42dea4d54f9,GDELT,1970-01-01 00:00:00+00:00,FLOOD,,MINOR,India,Tripura,,,,STATE,,,STATE,,,,,,,,GDELT,http://www.dailyexcelsior.com/india-wont-provoke-conflict-but-befitting-reply-if-attacked-hm/,29.75,False,2026-06-26 16:07:52.227989+00:00,/Users/ThotKash/Desktop/Project-SusBiome/data/bronze/ground_truth/gdelt_ground_truth.parquet,,,,,not_verified;invalid_date;missing_coordinates;low_confidence
1.0,EVT_e5ac756f84134be08afa1fd8a20a9cc7,GDELT,1970-01-01 00:00:00+00:00,FLOOD,,MODERATE,India,Assam,,,,STATE,,,STATE,,,,,,,,GDELT,http://www.dailymail.co.uk/indiahome/indianews/article-3063142/RAISINA-TATTLE-Parrikar-s-North-East-visit.html,46.75,False,2026-06-26 16:07:52.228041+00:00,/Users/ThotKash/Desktop/Project-SusBiome/data/bronze/ground_truth/gdelt_ground_truth.parquet,,,,,not_verified;invalid_date;missing_coordinates;low_confidence
1.0,EVT_05cb0156b1f04ae1899da1015593fae9,GDELT,1970-01-01 00:00:00+00:00,FLOOD,,MODERATE,India,Assam,,,,STATE,,,STATE,,,,,,,,GDELT,http://www.dailymail.co.uk/indiahome/indianews/article-3063142/RAISINA-TATTLE-Parrikar-s-North-East-visit.html,55.25,False,2026-06-26 16:07:52.228093+00:00,/Users/ThotKash/Desktop/Project-SusBiome/data/bronze/ground_truth/gdelt_ground_truth.parquet,,,,,not_verified;invalid_date;missing_coordinates;low_confidence
1.0,EVT_d32802cc23484f9bb5536d4854c55b2d,GDELT,1970-01-01 00:00:00+00:00,FLOOD,,MODERATE,India,Assam,,,,STATE,,,STATE,,,,,,,,GDELT,http://www.dailymail.co.uk/indiahome/indianews/article-3063142/RAISINA-TATTLE-Parrikar-s-North-East-visit.html,51.0,False,2026-06-26 16:07:52.228143+00:00,/Users/ThotKash/Desktop/Project-SusBiome/data/bronze/ground_truth/gdelt_ground_truth.parquet,,,,,not_verified;invalid_date;missing_coordinates;low_confidence
1.0,EVT_668d6859acf94e5a9f9e7b0d7adcf583,GDELT,1970-01-01 00:00:00+00:00,FLOOD,,MINOR,India,Assam,,,,STATE,,,STATE,,,,,,,,GDELT,http://www.dailymail.co.uk/indiahome/indianews/article-3063142/RAISINA-TATTLE-Parrikar-s-North-East-visit.html,29.75,False,2026-06-26 16:07:52.228194+00:00,/Users/ThotKash/Desktop/Project-SusBiome/data/bronze/ground_truth/gdelt_ground_truth.parquet,,,,,not_verified;invalid_date;missing_coordinates;low_confidence
1.0,EVT_4fa30fbfbb6d49a8a05e7e3d8433878c,GDELT,1970-01-01 00:00:00+00:00,FLOOD,,MINOR,India,Assam,,,,STATE,,,STATE,,,,,,,,GDELT,http://www.dailymail.co.uk/indiahome/indianews/article-3063142/RAISINA-TATTLE-Parrikar-s-North-East-visit.html,34.0,False,2026-06-26 16:07:52.228247+00:00,/Users/ThotKash/Desktop/Project-SusBiome/data/bronze/ground_truth/gdelt_ground_truth.parquet,,,,,not_verified;invalid_date;missing_coordinates;low_confidence
1.0,EVT_5bc69f7efb094b8e81205011d73016c5,GDELT,1970-01-01 00:00:00+00:00,FLOOD,,MINOR,India,Assam,,,,STATE,,,STATE,,,,,,,,GDELT,http://www.dailymail.co.uk/indiahome/indianews/article-3063142/RAISINA-TATTLE-Parrikar-s-North-East-visit.html,29.75,False,2026-06-26 16:07:52.228297+00:00,/Users/ThotKash/Desktop/Project-SusBiome/data/bronze/ground_truth/gdelt_ground_truth.parquet,,,,,not_verified;invalid_date;missing_coordinates;low_confidence
1.0,EVT_6bff781a7c994803a604538cd793540b,GDELT,1970-01-01 00:00:00+00:00,FLOOD,,MODERATE,India,Assam,,,,STATE,,,STATE,,,,,,,,GDELT,http://www.dailymail.co.uk/indiahome/indianews/article-3063142/RAISINA-TATTLE-Parrikar-s-North-East-visit.html,46.75,False,2026-06-26 16:07:52.228349+00:00,/Users/ThotKash/Desktop/Project-SusBiome/data/bronze/ground_truth/gdelt_ground_truth.parquet,,,,,not_verified;invalid_date;missing_coordinates;low_confidence
1.0,EVT_830fc08c5c234fdf8e614644d26a83d8,GDELT,1970-01-01 00:00:00+00:00,FLOOD,,SEVERE,India,Arunachal Pradesh,Tawang,,,STATE,,,STATE,,,,,,,,GDELT,http://www.dailymail.co.uk/indiahome/indianews/article-3063142/RAISINA-TATTLE-Parrikar-s-North-East-visit.html,70.0,True,2026-06-26 16:07:52.228408+00:00,/Users/ThotKash/Desktop/Project-SusBiome/data/bronze/ground_truth/gdelt_ground_truth.parquet,,,,,invalid_date;missing_coordinates
1.0,EVT_102d0bca95124d15aad4abdc904dca7b,GDELT,1970-01-01 00:00:00+00:00,FLOOD,,SEVERE,India,Arunachal Pradesh,Tawang,,,STATE,,,STATE,,,,,,,,GDELT,http://www.dailymail.co.uk/indiahome/indianews/article-3063142/RAISINA-TATTLE-Parrikar-s-North-East-visit.html,60.0,True,2026-06-26 16:07:52.228461+00:00,/Users/ThotKash/Desktop/Project-SusBiome/data/bronze/ground_truth/gdelt_ground_truth.parquet,,,,,invalid_date;missing_coordinates;low_confidence
1.0,EVT_d899282caed84146883e2ab878cce695,GDELT,1970-01-01 00:00:00+00:00,FLOOD,,MODERATE,India,Assam,,,,STATE,,,STATE,,,,,,,,GDELT,http://www.dailymail.co.uk/indiahome/indianews/article-3063142/RAISINA-TATTLE-Parrikar-s-North-East-visit.html,59.5,False,2026-06-26 16:07:52.228515+00:00,/Users/ThotKash/Desktop/Project-SusBiome/data/bronze/ground_truth/gdelt_ground_truth.parquet,,,,,not_verified;invalid_date;missing_coordinates;low_confidence
1.0,EVT_a1df20aab6b24020971a4d8904b548cc,GDELT,1970-01-01 00:00:00+00:00,FLOOD,,MINOR,India,Assam,,,,STATE,,,STATE,,,,,,,,GDELT,http://www.dailymail.co.uk/indiahome/indianews/article-3063142/RAISINA-TATTLE-Parrikar-s-North-East-visit.html,29.75,False,2026-06-26 16:07:52.228566+00:00,/Users/ThotKash/Desktop/Project-SusBiome/data/bronze/ground_truth/gdelt_ground_truth.parquet,,,,,not_verified;invalid_date;missing_coordinates;low_confidence
1.0,EVT_521f4950123b4fdcb34515bea17bc9e8,GDELT,1970-01-01 00:00:00+00:00,FLOOD,,MODERATE,India,Assam,,,,STATE,,,STATE,,,,,,,,GDELT,http://www.dailymail.co.uk/indiahome/indianews/article-3063142/RAISINA-TATTLE-Parrikar-s-North-East-visit.html,51.0,False,2026-06-26 16:07:52.228615+00:00,/Users/ThotKash/Desktop/Project-SusBiome/data/bronze/ground_truth/gdelt_ground_truth.parquet,,,,,not_verified;invalid_date;missing_coordinates;low_confidence
1.0,EVT_ce4c3d4a23d54ee58192130c9acc0785,GDELT,1970-01-01 00:00:00+00:00,FLOOD,,MODERATE,India,Assam,,,,STATE,,,STATE,,,,,,,,GDELT,http://www.dailymail.co.uk/indiahome/indianews/article-3063142/RAISINA-TATTLE-Parrikar-s-North-East-visit.html,55.25,False,2026-06-26 16:07:52.228667+00:00,/Users/ThotKash/Desktop/Project-SusBiome/data/bronze/ground_truth/gdelt_ground_truth.parquet,,,,,not_verified;invalid_date;missing_coordinates;low_confidence
1.0,EVT_fbe4401fbcc54e97a0c9f5202d87fc67,GDELT,1970-01-01 00:00:00+00:00,FLOOD,,MINOR,India,Assam,,,,STATE,,,STATE,,,,,,,,GDELT,http://timesofindia.indiatimes.com/city/guwahati/Sharmila-reaches-out-to-Nepal-quake-victims/articleshow/47113520.cms,29.75,False,2026-06-26 16:07:52.228731+00:00,/Users/ThotKash/Desktop/Project-SusBiome/data/bronze/ground_truth/gdelt_ground_truth.parquet,,,,,not_verified;invalid_date;missing_coordinates;low_confidence
1.0,EVT_6e6f2e5b459d4122837f03ced854c468,GDELT,1970-01-01 00:00:00+00:00,FLOOD,,MINOR,India,Assam,,,,STATE,,,STATE,,,,,,,,GDELT,http://timesofindia.indiatimes.com/city/guwahati/Sharmila-reaches-out-to-Nepal-quake-victims/articleshow/47113520.cms,29.75,False,2026-06-26 16:07:52.228785+00:00,/Users/ThotKash/Desktop/Project-SusBiome/data/bronze/ground_truth/gdelt_ground_truth.parquet,,,,,not_verified;invalid_date;missing_coordinates;low_confidence
1.0,EVT_d563b710b7b241ffb27eabf42a76e80c,GDELT,1970-01-01 00:00:00+00:00,FLOOD,,MINOR,India,Assam,,,,STATE,,,STATE,,,,,,,,GDELT,http://timesofindia.indiatimes.com/city/guwahati/Sharmila-reaches-out-to-Nepal-quake-victims/articleshow/47113520.cms,38.25,False,2026-06-26 16:07:52.228839+00:00,/Users/ThotKash/Desktop/Project-SusBiome/data/bronze/ground_truth/gdelt_ground_truth.parquet,,,,,not_verified;invalid_date;missing_coordinates;low_confidence
1.0,EVT_a7d3ef64fdf64e6aa3becbc017e0f6ef,GDELT,1970-01-01 00:00:00+00:00,FLOOD,,MODERATE,India,Assam,,,,STATE,,,STATE,,,,,,,,GDELT,http://timesofindia.indiatimes.com/City/Guwahati/Missing-pilgrims-family-identifies-body/articleshow/47113452.cms,55.25,False,2026-06-26 16:07:52.228893+00:00,/Users/ThotKash/Desktop/Project-SusBiome/data/bronze/ground_truth/gdelt_ground_truth.parquet,,,,,not_verified;invalid_date;missing_coordinates;low_confidence
1.0,EVT_91cd277c7d4b484ab2a8b22c973ec22f,GDELT,1970-01-01 00:00:00+00:00,FLOOD,,MODERATE,India,Assam,,,,STATE,,,STATE,,,,,,,,GDELT,http://www.thehindu.com/news/cities/Delhi/former-assam-minister-arrested-in-assault-case/article7160360.ece,51.0,False,2026-06-26 16:07:52.228949+00:00,/Users/ThotKash/Desktop/Project-SusBiome/data/bronze/ground_truth/gdelt_ground_truth.parquet,,,,,not_verified;invalid_date;missing_coordinates;low_confidence
1.0,EVT_f2e5fb8fcfa94e9fbaf59f1417acade7,GDELT,1970-01-01 00:00:00+00:00,FLOOD,,MODERATE,India,Assam,,,,STATE,,,STATE,,,,,,,,GDELT,http://timesofindia.indiatimes.com/City/Guwahati/Missing-pilgrims-family-identifies-body/articleshow/47113452.cms,55.25,False,2026-06-26 16:07:52.229001+00:00,/Users/ThotKash/Desktop/Project-SusBiome/data/bronze/ground_truth/gdelt_ground_truth.parquet,,,,,not_verified;invalid_date;missing_coordinates;low_confidence
1.0,EVT_d149c60ed0af4ebd8ae3282629ff152b,GDELT,1970-01-01 00:00:00+00:00,FLOOD,,MODERATE,India,Assam,,,,STATE,,,STATE,,,,,,,,GDELT,http://www.thehindu.com/news/cities/Delhi/former-assam-minister-arrested-in-assault-case/article7160360.ece,51.0,False,2026-06-26 16:07:52.229069+00:00,/Users/ThotKash/Desktop/Project-SusBiome/data/bronze/ground_truth/gdelt_ground_truth.parquet,,,,,not_verified;invalid_date;missing_coordinates;low_confidence
1.0,EVT_806ddc1417834260863248b9363a0dd7,GDELT,1970-01-01 00:00:00+00:00,FLOOD,,MODERATE,India,Assam,,,,STATE,,,STATE,,,,,,,,GDELT,http://www.thehindu.com/news/cities/Delhi/former-assam-minister-arrested-in-assault-case/article7160360.ece,51.0,False,2026-06-26 16:07:52.229122+00:00,/Users/ThotKash/Desktop/Project-SusBiome/data/bronze/ground_truth/gdelt_ground_truth.parquet,,,,,not_verified;invalid_date;missing_coordinates;low_confidence
1.0,EVT_19abeb2e576241ccae3cef3051b413e1,GDELT,1970-01-01 00:00:00+00:00,FLOOD,,MODERATE,India,Assam,,,,STATE,,,STATE,,,,,,,,GDELT,http://www.thehindu.com/news/cities/Delhi/former-assam-minister-arrested-in-assault-case/article7160360.ece,51.0,False,2026-06-26 16:07:52.229174+00:00,/Users/ThotKash/Desktop/Project-SusBiome/data/bronze/ground_truth/gdelt_ground_truth.parquet,,,,,not_verified;invalid_date;missing_coordinates;low_confidence
1.0,EVT_3cfec0411a1146c7a29bf4e09486817a,GDELT,1970-01-01 00:00:00+00:00,FLOOD,,MODERATE,India,Assam,,,,STATE,,,STATE,,,,,,,,GDELT,http://timesofindia.indiatimes.com/City/Guwahati/Missing-pilgrims-family-identifies-body/articleshow/47113452.cms,55.25,False,2026-06-26 16:07:52.229230+00:00,/Users/ThotKash/Desktop/Project-SusBiome/data/bronze/ground_truth/gdelt_ground_truth.parquet,,,,,not_verified;invalid_date;missing_coordinates;low_confidence
1.0,EVT_84e4d219180a4690b686e7bba22ed99e,GDELT,1970-01-01 00:00:00+00:00,FLOOD,,MINOR,India,Tripura,,,,STATE,,,STATE,,,,,,,,GDELT,http://www.newindianexpress.com/nation/Indo-Bangla-Land-Boundary-Bill-to-be-Tabled-Next-Week/2015/05/01/article2791692.ece,38.25,False,2026-06-26 16:07:52.229284+00:00,/Users/ThotKash/Desktop/Project-SusBiome/data/bronze/ground_truth/gdelt_ground_truth.parquet,,,,,not_verified;invalid_date;missing_coordinates;low_confidence
1.0,EVT_79db1e76da8a4bb7bfb4e7737eb6237a,GDELT,1970-01-01 00:00:00+00:00,FLOOD,,MINOR,India,Tripura,,,,STATE,,,STATE,,,,,,,,GDELT,http://www.newindianexpress.com/nation/Indo-Bangla-Land-Boundary-Bill-to-be-Tabled-Next-Week/2015/05/01/article2791692.ece,38.25,False,2026-06-26 16:07:52.229338+00:00,/Users/ThotKash/Desktop/Project-SusBiome/data/bronze/ground_truth/gdelt_ground_truth.parquet,,,,,not_verified;invalid_date;missing_coordinates;low_confidence
1.0,EVT_44e1c4794ad2466d9016c38c2c02b6a7,GDELT,1970-01-01 00:00:00+00:00,FLOOD,,MODERATE,India,Assam,,,,STATE,,,STATE,,,,,,,,GDELT,http://www.ivpressonline.com/news/apgeneral/the-latest-on-nepal-woman-rescued-days-after-quake/article_47777f26-7b11-5438-800d-9f8279e9a038.html,51.0,False,2026-06-26 16:07:52.229392+00:00,/Users/ThotKash/Desktop/Project-SusBiome/data/bronze/ground_truth/gdelt_ground_truth.parquet,,,,,not_verified;invalid_date;missing_coordinates;low_confidence
1.0,EVT_335b9b2a1bcf4e5799dafea9d0b7fcab,GDELT,1970-01-01 00:00:00+00:00,FLOOD,,MODERATE,India,Assam,,,,STATE,,,STATE,,,,,,,,GDELT,http://www.ivpressonline.com/news/apgeneral/the-latest-on-nepal-woman-rescued-days-after-quake/article_47777f26-7b11-5438-800d-9f8279e9a038.html,51.0,False,2026-06-26 16:07:52.229445+00:00,/Users/ThotKash/Desktop/Project-SusBiome/data/bronze/ground_truth/gdelt_ground_truth.parquet,,,,,not_verified;invalid_date;missing_coordinates;low_confidence
1.0,EVT_1789f97b2b8f4839b089f72bb960797a,GDELT,1970-01-01 00:00:00+00:00,FLOOD,,MODERATE,India,Assam,,,,STATE,,,STATE,,,,,,,,GDELT,http://www.newindianexpress.com/nation/Indo-Bangla-Land-Boundary-Bill-to-be-Tabled-Next-Week/2015/05/01/article2791692.ece,42.5,False,2026-06-26 16:07:52.229498+00:00,/Users/ThotKash/Desktop/Project-SusBiome/data/bronze/ground_truth/gdelt_ground_truth.parquet,,,,,not_verified;invalid_date;missing_coordinates;low_confidence
1.0,EVT_e62eb695154444448f1ea53decbb7fd0,GDELT,1970-01-01 00:00:00+00:00,FLOOD,,MODERATE,India,Assam,,,,STATE,,,STATE,,,,,,,,GDELT,http://www.newindianexpress.com/nation/Indo-Bangla-Land-Boundary-Bill-to-be-Tabled-Next-Week/2015/05/01/article2791692.ece,42.5,False,2026-06-26 16:07:52.229553+00:00,/Users/ThotKash/Desktop/Project-SusBiome/data/bronze/ground_truth/gdelt_ground_truth.parquet,,,,,not_verified;invalid_date;missing_coordinates;low_confidence
1.0,EVT_7a47bc0f24f643e7b38d5d3a40763cff,GDELT,1970-01-01 00:00:00+00:00,FLOOD,,MINOR,India,Tripura,,,,STATE,,,STATE,,,,,,,,GDELT,http://www.newindianexpress.com/nation/Indo-Bangla-Land-Boundary-Bill-to-be-Tabled-Next-Week/2015/05/01/article2791692.ece,38.25,False,2026-06-26 16:07:52.229605+00:00,/Users/ThotKash/Desktop/Project-SusBiome/data/bronze/ground_truth/gdelt_ground_truth.parquet,,,,,not_verified;invalid_date;missing_coordinates;low_confidence
1.0,EVT_778e9b9ed83a4609bcc1b05da0b39fef,GDELT,1970-01-01 00:00:00+00:00,FLOOD,,MODERATE,India,Assam,,,,STATE,,,STATE,,,,,,,,GDELT,http://www.newindianexpress.com/nation/Indo-Bangla-Land-Boundary-Bill-to-be-Tabled-Next-Week/2015/05/01/article2791692.ece,42.5,False,2026-06-26 16:07:52.229657+00:00,/Users/ThotKash/Desktop/Project-SusBiome/data/bronze/ground_truth/gdelt_ground_truth.parquet,,,,,not_verified;invalid_date;missing_coordinates;low_confidence
1.0,EVT_593aa27c574a440cab8e141d6303a3a5,GDELT,1970-01-01 00:00:00+00:00,FLOOD,,MINOR,India,Arunachal Pradesh,,,,STATE,,,STATE,,,,,,,,GDELT,http://www.theshillongtimes.com/2015/05/01/arunachal-integral-and-inalienable-part-of-india-govt-2/,38.25,False,2026-06-26 16:07:52.229710+00:00,/Users/ThotKash/Desktop/Project-SusBiome/data/bronze/ground_truth/gdelt_ground_truth.parquet,,,,,not_verified;invalid_date;missing_coordinates;low_confidence
1.0,EVT_6187e33969124a0abe847aa6d547aef7,GDELT,1970-01-01 00:00:00+00:00,FLOOD,,MODERATE,India,Meghalaya,,,,STATE,,,STATE,,,,,,,,GDELT,http://www.theshillongtimes.com/2015/05/01/meghalaya-crime-update-151/,46.75,False,2026-06-26 16:07:52.229761+00:00,/Users/ThotKash/Desktop/Project-SusBiome/data/bronze/ground_truth/gdelt_ground_truth.parquet,,,,,not_verified;invalid_date;missing_coordinates;low_confidence
1.0,EVT_271b5510a639447e91d7647213d0c60f,GDELT,1970-01-01 00:00:00+00:00,FLOOD,,MODERATE,India,Meghalaya,,,,STATE,,,STATE,,,,,,,,GDELT,http://www.theshillongtimes.com/2015/05/01/meghalaya-crime-update-151/,46.75,False,2026-06-26 16:07:52.229812+00:00,/Users/ThotKash/Desktop/Project-SusBiome/data/bronze/ground_truth/gdelt_ground_truth.parquet,,,,,not_verified;invalid_date;missing_coordinates;low_confidence
1.0,EVT_511e70191e06463883ad1b98c3b94630,GDELT,1970-01-01 00:00:00+00:00,FLOOD,,MODERATE,India,Meghalaya,,,,STATE,,,STATE,,,,,,,,GDELT,http://www.theshillongtimes.com/2015/05/01/meghalaya-crime-update-151/,46.75,False,2026-06-26 16:07:52.229864+00:00,/Users/ThotKash/Desktop/Project-SusBiome/data/bronze/ground_truth/gdelt_ground_truth.parquet,,,,,not_verified;invalid_date;missing_coordinates;low_confidence
1.0,EVT_e975d437f4f34763881752b9a39a7bd3,GDELT,1970-01-01 00:00:00+00:00,FLOOD,,MODERATE,India,Assam,,,,STATE,,,STATE,,,,,,,,GDELT,http://www.thehindu.com/news/national/kerala/kasaragod-bids-adieu-to-irshad/article7160990.ece,59.5,False,2026-06-26 16:07:52.229916+00:00,/Users/ThotKash/Desktop/Project-SusBiome/data/bronze/ground_truth/gdelt_ground_truth.parquet,,,,,not_verified;invalid_date;missing_coordinates;low_confidence
1.0,EVT_64af74862c584677991dfe14932e98d1,GDELT,1970-01-01 00:00:00+00:00,FLOOD,,MODERATE,India,Nagaland,,,,STATE,,,STATE,,,,,,,,GDELT,http://www.easternmirrornagaland.com/2015/05/nurses-ask-govt-to-review-nursing-service-rule/,51.0,False,2026-06-26 16:07:52.229968+00:00,/Users/ThotKash/Desktop/Project-SusBiome/data/bronze/ground_truth/gdelt_ground_truth.parquet,,,,,not_verified;invalid_date;missing_coordinates;low_confidence
1.0,EVT_f9a515ceb16642d9936ea6a4cf8d6ff5,GDELT,1970-01-01 00:00:00+00:00,FLOOD,,MODERATE,India,Nagaland,,,,STATE,,,STATE,,,,,,,,GDELT,http://www.easternmirrornagaland.com/2015/05/nurses-ask-govt-to-review-nursing-service-rule/,59.5,False,2026-06-26 16:07:52.230021+00:00,/Users/ThotKash/Desktop/Project-SusBiome/data/bronze/ground_truth/gdelt_ground_truth.parquet,,,,,not_verified;invalid_date;missing_coordinates;low_confidence
1.0,EVT_6401152a684745958fec3d70ce515bcd,GDELT,1970-01-01 00:00:00+00:00,FLOOD,,MODERATE,India,Nagaland,,,,STATE,,,STATE,,,,,,,,GDELT,http://www.easternmirrornagaland.com/2015/05/nurses-ask-govt-to-review-nursing-service-rule/,55.25,False,2026-06-26 16:07:52.230078+00:00,/Users/ThotKash/Desktop/Project-SusBiome/data/bronze/ground_truth/gdelt_ground_truth.parquet,,,,,not_verified;invalid_date;missing_coordinates;low_confidence
1.0,EVT_75546e9d454d48ab813fbc3b991a881a,GDELT,1970-01-01 00:00:00+00:00,FLOOD,,MODERATE,India,Nagaland,,,,STATE,,,STATE,,,,,,,,GDELT,http://www.easternmirrornagaland.com/2015/05/nurses-ask-govt-to-review-nursing-service-rule/,55.25,False,2026-06-26 16:07:52.230132+00:00,/Users/ThotKash/Desktop/Project-SusBiome/data/bronze/ground_truth/gdelt_ground_truth.parquet,,,,,not_verified;invalid_date;missing_coordinates;low_confidence
1.0,EVT_1a27a0db59e1418cb79e66f466d1f2f7,NEWS,2026-06-22 00:00:00+00:00,FLOOD,,,India,Arunachal Pradesh,,,,STATE,,,STATE,,,,,,Arunachal rights panel seeks flood-control measures in Chakma-Hajong areas,"Arunachal Pradesh Human Rights Commission urges immediate infrastructure upgrades and flood control in Chakma-Hajong settlements. Poor roads and recurring Dihing River floods displace residents, prompting concerns about demographic shifts. The commission emph…",The Times of India,https://economictimes.indiatimes.com/news/india/arunachal-rights-panel-seeks-flood-control-measures-in-chakma-hajong-areas/articleshow/131908809.cms,0.0,True,2026-06-26 14:31:05.501348+00:00,/Users/ThotKash/Desktop/Project-SusBiome/data/bronze/ground_truth/news_ground_truth.parquet,,,,,missing_coordinates;low_confidence
1.0,EVT_5f7d2e4908b54ac7a4e631b913defbcb,NEWS,2026-06-19 00:00:00+00:00,FLOOD,,,India,Assam,,,,STATE,,,STATE,,,,,,No tolerance for corruption in flood-control projects: Sushanta Borgohain,"Staff Reporter GUWAHATI, June 19: Assam Water Resources Minister Sushanta Borgohain on Friday asserted that the state government would adopt a zero-tolerance approach against corruption and substandard work in embankment and flood-control projects, warning th…",Thehillstimes.in,https://thehillstimes.in/assam/no-tolerance-for-corruption-in-flood-control-projects-sushanta-borgohain,0.0,True,2026-06-26 14:31:05.501821+00:00,/Users/ThotKash/Desktop/Project-SusBiome/data/bronze/ground_truth/news_ground_truth.parquet,,,,,missing_coordinates;low_confidence
1.0,EVT_301e25f34aa045d0bacef8e23c42b4b0,NEWS,2026-06-12 00:00:00+00:00,FLOOD,,,India,Assam,,,,STATE,,,STATE,,,,,,Mahanta reviews flood preparedness in Lakhimpur,"Assam disaster minister Keshab Mahanta reviews Lakhimpur’s monsoon flood preparedness, urging coordinated advance planning, relief readiness and NDRF/SDRF deployment.",The Times of India,https://timesofindia.indiatimes.com/city/guwahati/mahanta-reviews-flood-preparedness-in-lakhimpur/articleshow/131683889.cms,0.0,True,2026-06-26 14:31:05.501870+00:00,/Users/ThotKash/Desktop/Project-SusBiome/data/bronze/ground_truth/news_ground_truth.parquet,,,,,missing_coordinates;low_confidence
1.0,EVT_f5524a330f6f46adbdf5405db3f1b76b,NEWS,2026-06-08 00:00:00+00:00,FLOOD,,,India,Arunachal Pradesh,,,,STATE,,,STATE,,,,,,Arunachal's Tawang on alert over threat of Glacial Lake Outburst Flood,Concerns rise in Arunachal Pradesh over a possible Glacial Lake Outburst Flood in Tawang district. Authorities are enhancing preparedness measures. Recent inspections show glacier melt and a glacial lake's water level below the dam. While immediate risk appea…,The Times of India,https://economictimes.indiatimes.com/news/india/arunachals-tawang-on-alert-over-threat-of-glacial-lake-outburst-flood/articleshow/131588305.cms,0.0,True,2026-06-26 14:31:05.501911+00:00,/Users/ThotKash/Desktop/Project-SusBiome/data/bronze/ground_truth/news_ground_truth.parquet,,,,,missing_coordinates;low_confidence
1.0,GT_ed4926bb97d3e812d2c5ad0b,manual_review,2008-08-18 00:00:00+00:00,FLOOD,riverine flood,HIGH,India,Bihar,Supaul,,,district,26.12,86.6,district_centroid_or_landfall_point,,,,,,2008 Kosi flood affected Supaul,Kosi embankment breach triggered major flooding in north Bihar.,Curated ground truth,https://en.wikipedia.org/wiki/List_of_floods_in_India,82.0,True,2026-06-30 06:08:13.596849+00:00,/Users/ThotKash/Desktop/Project-SusBiome/data/labels/reviewed_ground_truth.csv,,,,,outside_northeast_states;outside_region
1.0,GT_c09b5505e47c892e40f9755c,manual_review,2008-08-18 00:00:00+00:00,FLOOD,riverine flood,HIGH,India,Bihar,Madhepura,,,district,25.92,86.78,district_centroid_or_landfall_point,,,,,,2008 Kosi flood affected Madhepura,Kosi flood inundated Madhepura district.,Curated ground truth,https://en.wikipedia.org/wiki/List_of_floods_in_India,82.0,True,2026-06-30 06:08:13.596849+00:00,/Users/ThotKash/Desktop/Project-SusBiome/data/labels/reviewed_ground_truth.csv,,,,,outside_northeast_states;outside_region
1.0,GT_f3bcff91eb3d6776863ff22f,manual_review,2009-10-02 00:00:00+00:00,FLOOD,riverine flood,HIGH,India,Andhra Pradesh,Kurnool,,,district,15.83,78.05,district_centroid_or_landfall_point,,,,,,2009 Andhra Pradesh floods affected Kurnool,Heavy monsoon rainfall and river flooding affected Kurnool.,Curated ground truth,https://en.wikipedia.org/wiki/List_of_floods_in_India,82.0,True,2026-06-30 06:08:13.596849+00:00,/Users/ThotKash/Desktop/Project-SusBiome/data/labels/reviewed_ground_truth.csv,,,,,outside_northeast_states;outside_region
1.0,GT_cb087732294d01ac8dffbe9d,manual_review,2009-10-02 00:00:00+00:00,FLOOD,riverine flood,HIGH,India,Andhra Pradesh,Mahbubnagar,,,district,16.74,77.98,district_centroid_or_landfall_point,,,,,,2009 floods affected Mahbubnagar,Krishna-Tungabhadra basin flooding affected the district.,Curated ground truth,https://en.wikipedia.org/wiki/List_of_floods_in_India,82.0,True,2026-06-30 06:08:13.596849+00:00,/Users/ThotKash/Desktop/Project-SusBiome/data/labels/reviewed_ground_truth.csv,,,,,outside_northeast_states;outside_region
1.0,GT_72f5557f915d98db61464cf7,manual_review,2010-08-06 00:00:00+00:00,FLOOD,flash flood,HIGH,India,Ladakh,Leh,,,district,34.15,77.58,district_centroid_or_landfall_point,,,,,,2010 Leh cloudburst flash flood,Cloudburst caused destructive flash floods in Leh.,Curated ground truth,https://en.wikipedia.org/wiki/List_of_floods_in_India,82.0,True,2026-06-30 06:08:13.596849+00:00,/Users/ThotKash/Desktop/Project-SusBiome/data/labels/reviewed_ground_truth.csv,,,,,outside_northeast_states;outside_region
1.0,GT_58fbe863e4278f13b68f0ae1,manual_review,2013-06-16 00:00:00+00:00,FLOOD,flash flood,HIGH,India,Uttarakhand,Rudraprayag,,,district,30.28,78.98,district_centroid_or_landfall_point,,,,,,2013 Uttarakhand floods affected Kedarnath/Rudraprayag,Extreme rainfall caused devastating floods and landslides.,Curated ground truth,https://en.wikipedia.org/wiki/List_of_floods_in_India,82.0,True,2026-06-30 06:08:13.596849+00:00,/Users/ThotKash/Desktop/Project-SusBiome/data/labels/reviewed_ground_truth.csv,,,,,outside_northeast_states;outside_region
1.0,GT_e6c075ee83baa708f15f18c3,manual_review,2013-06-16 00:00:00+00:00,FLOOD,flash flood,HIGH,India,Uttarakhand,Chamoli,,,district,30.4,79.32,district_centroid_or_landfall_point,,,,,,2013 Uttarakhand floods affected Chamoli,Extreme rainfall caused flooding and slope failures.,Curated ground truth,https://en.wikipedia.org/wiki/List_of_floods_in_India,82.0,True,2026-06-30 06:08:13.596849+00:00,/Users/ThotKash/Desktop/Project-SusBiome/data/labels/reviewed_ground_truth.csv,,,,,outside_northeast_states;outside_region
1.0,GT_8926c7eb7001db3070cdaa29,manual_review,2014-09-06 00:00:00+00:00,FLOOD,riverine flood,HIGH,India,Jammu and Kashmir,Srinagar,,,district,34.08,74.79,district_centroid_or_landfall_point,,,,,,2014 Kashmir floods affected Srinagar,Jhelum flooding inundated Srinagar.,Curated ground truth,https://en.wikipedia.org/wiki/List_of_floods_in_India,82.0,True,2026-06-30 06:08:13.596849+00:00,/Users/ThotKash/Desktop/Project-SusBiome/data/labels/reviewed_ground_truth.csv,,,,,outside_northeast_states;outside_region
1.0,GT_028e243cb09be82cc2cc57be,manual_review,2014-09-06 00:00:00+00:00,FLOOD,riverine flood,HIGH,India,Jammu and Kashmir,Anantnag,,,district,33.73,75.15,district_centroid_or_landfall_point,,,,,,2014 Kashmir floods affected Anantnag,Heavy rainfall and Jhelum basin floods affected Anantnag.,Curated ground truth,https://en.wikipedia.org/wiki/List_of_floods_in_India,82.0,True,2026-06-30 06:08:13.596849+00:00,/Users/ThotKash/Desktop/Project-SusBiome/data/labels/reviewed_ground_truth.csv,,,,,outside_northeast_states;outside_region
1.0,GT_cefa5f7ffc05b90ab749aec6,manual_review,2015-12-01 00:00:00+00:00,FLOOD,urban flood,HIGH,India,Tamil Nadu,Chennai,,,district,13.08,80.27,district_centroid_or_landfall_point,,,,,,2015 Chennai floods,Extreme rainfall caused urban flooding in Chennai.,Curated ground truth,https://en.wikipedia.org/wiki/List_of_floods_in_India,82.0,True,2026-06-30 06:08:13.596849+00:00,/Users/ThotKash/Desktop/Project-SusBiome/data/labels/reviewed_ground_truth.csv,,,,,outside_northeast_states;outside_region
1.0,GT_49650e5baa0a4e5b3380b7a6,manual_review,2015-12-01 00:00:00+00:00,FLOOD,urban flood,HIGH,India,Tamil Nadu,Kanchipuram,,,district,12.84,79.7,district_centroid_or_landfall_point,,,,,,2015 floods affected Kanchipuram,Extreme rainfall affected Chennai region and Kanchipuram.,Curated ground truth,https://en.wikipedia.org/wiki/List_of_floods_in_India,82.0,True,2026-06-30 06:08:13.596849+00:00,/Users/ThotKash/Desktop/Project-SusBiome/data/labels/reviewed_ground_truth.csv,,,,,outside_northeast_states;outside_region
1.0,GT_2c8c0178304eec53bced4e4b,manual_review,2017-07-24 00:00:00+00:00,FLOOD,riverine flood,HIGH,India,Gujarat,Banaskantha,,,district,24.17,72.43,district_centroid_or_landfall_point,,,,,,2017 Gujarat floods affected Banaskantha,Heavy monsoon rainfall caused flooding in north Gujarat.,Curated ground truth,https://en.wikipedia.org/wiki/List_of_floods_in_India,82.0,True,2026-06-30 06:08:13.596849+00:00,/Users/ThotKash/Desktop/Project-SusBiome/data/labels/reviewed_ground_truth.csv,,,,,outside_northeast_states;outside_region
1.0,GT_ac9c74cf4373599068324d3f,manual_review,2017-08-13 00:00:00+00:00,FLOOD,riverine flood,HIGH,India,Bihar,Sitamarhi,,,district,26.6,85.48,district_centroid_or_landfall_point,,,,,,2017 Bihar floods affected Sitamarhi,Monsoon flooding affected north Bihar districts.,Curated ground truth,https://en.wikipedia.org/wiki/List_of_floods_in_India,82.0,True,2026-06-30 06:08:13.596849+00:00,/Users/ThotKash/Desktop/Project-SusBiome/data/labels/reviewed_ground_truth.csv,,,,,outside_northeast_states;outside_region
1.0,GT_d8320ef7b6500a803fbe43b0,manual_review,2018-08-16 00:00:00+00:00,FLOOD,riverine flood,HIGH,India,Kerala,Ernakulam,,,district,9.98,76.28,district_centroid_or_landfall_point,,,,,,2018 Kerala floods affected Ernakulam,Extreme monsoon rainfall and reservoir releases caused floods.,Curated ground truth,https://en.wikipedia.org/wiki/List_of_floods_in_India,82.0,True,2026-06-30 06:08:13.596849+00:00,/Users/ThotKash/Desktop/Project-SusBiome/data/labels/reviewed_ground_truth.csv,,,,,outside_northeast_states;outside_region
1.0,GT_21220ff663d429555e19dd87,manual_review,2018-08-16 00:00:00+00:00,FLOOD,riverine flood,HIGH,India,Kerala,Idukki,,,district,9.85,76.97,district_centroid_or_landfall_point,,,,,,2018 Kerala floods affected Idukki,Extreme rainfall and reservoir releases affected Idukki.,Curated ground truth,https://en.wikipedia.org/wiki/List_of_floods_in_India,82.0,True,2026-06-30 06:08:13.596849+00:00,/Users/ThotKash/Desktop/Project-SusBiome/data/labels/reviewed_ground_truth.csv,,,,,outside_northeast_states;outside_region
1.0,GT_e03bf92221920f56e0919f0f,manual_review,2019-08-07 00:00:00+00:00,FLOOD,riverine flood,HIGH,India,Maharashtra,Sangli,,,district,16.85,74.58,district_centroid_or_landfall_point,,,,,,2019 Maharashtra floods affected Sangli,Krishna river flooding affected Sangli.,Curated ground truth,https://en.wikipedia.org/wiki/List_of_floods_in_India,82.0,True,2026-06-30 06:08:13.596849+00:00,/Users/ThotKash/Desktop/Project-SusBiome/data/labels/reviewed_ground_truth.csv,,,,,outside_northeast_states;outside_region
1.0,GT_1521b1c1d7cdf5e180381b91,manual_review,2020-10-13 00:00:00+00:00,FLOOD,urban flood,HIGH,India,Telangana,Hyderabad,,,district,17.39,78.49,district_centroid_or_landfall_point,,,,,,2020 Hyderabad floods,Extreme rainfall caused severe urban flooding in Hyderabad.,Curated ground truth,https://en.wikipedia.org/wiki/List_of_floods_in_India,82.0,True,2026-06-30 06:08:13.596849+00:00,/Users/ThotKash/Desktop/Project-SusBiome/data/labels/reviewed_ground_truth.csv,,,,,outside_northeast_states;outside_region
1.0,GT_84f5a94351af7c02e6a593a8,manual_review,2021-02-07 00:00:00+00:00,FLOOD,glacial lake/flash flood,HIGH,India,Uttarakhand,Chamoli,,,district,30.4,79.32,district_centroid_or_landfall_point,,,,,,2021 Chamoli disaster,Glacial/rock-ice avalanche generated flash flood in Chamoli.,Curated ground truth,https://en.wikipedia.org/wiki/List_of_floods_in_India,82.0,True,2026-06-30 06:08:13.596849+00:00,/Users/ThotKash/Desktop/Project-SusBiome/data/labels/reviewed_ground_truth.csv,,,,,outside_northeast_states;outside_region
1.0,GT_669f1d94fe1f8861cce06da8,manual_review,2021-07-22 00:00:00+00:00,FLOOD,flash flood,HIGH,India,Maharashtra,Raigad,,,district,18.52,73.18,district_centroid_or_landfall_point,,,,,,2021 Maharashtra floods affected Raigad,Extreme rainfall caused floods and landslides in Raigad.,Curated ground truth,https://en.wikipedia.org/wiki/List_of_floods_in_India,82.0,True,2026-06-30 06:08:13.596849+00:00,/Users/ThotKash/Desktop/Project-SusBiome/data/labels/reviewed_ground_truth.csv,,,,,outside_northeast_states;outside_region
1.0,GT_276a19e72662ede0f37b8e95,manual_review,2009-09-30 00:00:00+00:00,DROUGHT,meteorological/agricultural drought,HIGH,India,Maharashtra,Ahmednagar,,,district,19.09,74.74,district_centroid_or_landfall_point,,,,,,2009 drought conditions affected Ahmednagar,"Meteorological/agricultural drought conditions associated with rainfall deficiency affected Ahmednagar, Maharashtra.",Curated ground truth,https://agriwelfare.gov.in/Documents/Updated%20Drought%20Manual_0.pdf,82.0,True,2026-06-30 06:08:13.596849+00:00,/Users/ThotKash/Desktop/Project-SusBiome/data/labels/reviewed_ground_truth.csv,,,,,outside_northeast_states;outside_region
1.0,GT_85569164ef8a50712956b3d6,manual_review,2009-09-30 00:00:00+00:00,DROUGHT,meteorological/agricultural drought,HIGH,India,Karnataka,Bijapur,,,district,16.83,75.71,district_centroid_or_landfall_point,,,,,,2009 drought conditions affected Bijapur,"Meteorological/agricultural drought conditions associated with rainfall deficiency affected Bijapur, Karnataka.",Curated ground truth,https://agriwelfare.gov.in/Documents/Updated%20Drought%20Manual_0.pdf,82.0,True,2026-06-30 06:08:13.596849+00:00,/Users/ThotKash/Desktop/Project-SusBiome/data/labels/reviewed_ground_truth.csv,,,,,outside_northeast_states;outside_region
1.0,GT_9616eb3bbefab52708023806,manual_review,2009-09-30 00:00:00+00:00,DROUGHT,meteorological/agricultural drought,HIGH,India,Rajasthan,Jaisalmer,,,district,26.91,70.91,district_centroid_or_landfall_point,,,,,,2009 drought conditions affected Jaisalmer,"Meteorological/agricultural drought conditions associated with rainfall deficiency affected Jaisalmer, Rajasthan.",Curated ground truth,https://agriwelfare.gov.in/Documents/Updated%20Drought%20Manual_0.pdf,82.0,True,2026-06-30 06:08:13.596849+00:00,/Users/ThotKash/Desktop/Project-SusBiome/data/labels/reviewed_ground_truth.csv,,,,,outside_northeast_states;outside_region
1.0,GT_76d35593f072b49935ef40a8,manual_review,2009-09-30 00:00:00+00:00,DROUGHT,meteorological/agricultural drought,HIGH,India,Andhra Pradesh,Anantapur,,,district,14.68,77.6,district_centroid_or_landfall_point,,,,,,2009 drought conditions affected Anantapur,"Meteorological/agricultural drought conditions associated with rainfall deficiency affected Anantapur, Andhra Pradesh.",Curated ground truth,https://agriwelfare.gov.in/Documents/Updated%20Drought%20Manual_0.pdf,82.0,True,2026-06-30 06:08:13.596849+00:00,/Users/ThotKash/Desktop/Project-SusBiome/data/labels/reviewed_ground_truth.csv,,,,,outside_northeast_states;outside_region
1.0,GT_78748daa1cb41a6061877382,manual_review,2009-09-30 00:00:00+00:00,DROUGHT,meteorological/agricultural drought,HIGH,India,Gujarat,Kutch,,,district,23.73,69.86,district_centroid_or_landfall_point,,,,,,2009 drought conditions affected Kutch,"Meteorological/agricultural drought conditions associated with rainfall deficiency affected Kutch, Gujarat.",Curated ground truth,https://agriwelfare.gov.in/Documents/Updated%20Drought%20Manual_0.pdf,82.0,True,2026-06-30 06:08:13.596849+00:00,/Users/ThotKash/Desktop/Project-SusBiome/data/labels/reviewed_ground_truth.csv,,,,,outside_northeast_states;outside_region
1.0,GT_b1525e23485aada952d3e483,manual_review,2012-09-30 00:00:00+00:00,DROUGHT,meteorological/agricultural drought,HIGH,India,Maharashtra,Solapur,,,district,17.66,75.91,district_centroid_or_landfall_point,,,,,,2012 drought conditions affected Solapur,"Meteorological/agricultural drought conditions associated with rainfall deficiency affected Solapur, Maharashtra.",Curated ground truth,https://agriwelfare.gov.in/Documents/Updated%20Drought%20Manual_0.pdf,82.0,True,2026-06-30 06:08:13.596849+00:00,/Users/ThotKash/Desktop/Project-SusBiome/data/labels/reviewed_ground_truth.csv,,,,,outside_northeast_states;outside_region
1.0,GT_ba87961da2663a0d49460123,manual_review,2012-09-30 00:00:00+00:00,DROUGHT,meteorological/agricultural drought,HIGH,India,Maharashtra,Beed,,,district,18.99,75.76,district_centroid_or_landfall_point,,,,,,2012 drought conditions affected Beed,"Meteorological/agricultural drought conditions associated with rainfall deficiency affected Beed, Maharashtra.",Curated ground truth,https://agriwelfare.gov.in/Documents/Updated%20Drought%20Manual_0.pdf,82.0,True,2026-06-30 06:08:13.596849+00:00,/Users/ThotKash/Desktop/Project-SusBiome/data/labels/reviewed_ground_truth.csv,,,,,outside_northeast_states;outside_region
1.0,GT_0c478b96959aa81588d60a5e,manual_review,2012-09-30 00:00:00+00:00,DROUGHT,meteorological/agricultural drought,HIGH,India,Maharashtra,Osmanabad,,,district,18.18,76.04,district_centroid_or_landfall_point,,,,,,2012 drought conditions affected Osmanabad,"Meteorological/agricultural drought conditions associated with rainfall deficiency affected Osmanabad, Maharashtra.",Curated ground truth,https://agriwelfare.gov.in/Documents/Updated%20Drought%20Manual_0.pdf,82.0,True,2026-06-30 06:08:13.596849+00:00,/Users/ThotKash/Desktop/Project-SusBiome/data/labels/reviewed_ground_truth.csv,,,,,outside_northeast_states;outside_region
1.0,GT_465ef201b9a88a339b3751fa,manual_review,2012-09-30 00:00:00+00:00,DROUGHT,meteorological/agricultural drought,HIGH,India,Karnataka,Raichur,,,district,16.2,77.36,district_centroid_or_landfall_point,,,,,,2012 drought conditions affected Raichur,"Meteorological/agricultural drought conditions associated with rainfall deficiency affected Raichur, Karnataka.",Curated ground truth,https://agriwelfare.gov.in/Documents/Updated%20Drought%20Manual_0.pdf,82.0,True,2026-06-30 06:08:13.596849+00:00,/Users/ThotKash/Desktop/Project-SusBiome/data/labels/reviewed_ground_truth.csv,,,,,outside_northeast_states;outside_region
1.0,GT_e25de7dedfa8f403636f059d,manual_review,2012-09-30 00:00:00+00:00,DROUGHT,meteorological/agricultural drought,HIGH,India,Karnataka,Koppal,,,district,15.35,76.15,district_centroid_or_landfall_point,,,,,,2012 drought conditions affected Koppal,"Meteorological/agricultural drought conditions associated with rainfall deficiency affected Koppal, Karnataka.",Curated ground truth,https://agriwelfare.gov.in/Documents/Updated%20Drought%20Manual_0.pdf,82.0,True,2026-06-30 06:08:13.596849+00:00,/Users/ThotKash/Desktop/Project-SusBiome/data/labels/reviewed_ground_truth.csv,,,,,outside_northeast_states;outside_region
1.0,GT_869b031bea16feb9852b681c,manual_review,2014-09-30 00:00:00+00:00,DROUGHT,meteorological/agricultural drought,HIGH,India,Telangana,Mahbubnagar,,,district,16.74,77.98,district_centroid_or_landfall_point,,,,,,2014 drought conditions affected Mahbubnagar,"Meteorological/agricultural drought conditions associated with rainfall deficiency affected Mahbubnagar, Telangana.",Curated ground truth,https://agriwelfare.gov.in/Documents/Updated%20Drought%20Manual_0.pdf,82.0,True,2026-06-30 06:08:13.596849+00:00,/Users/ThotKash/Desktop/Project-SusBiome/data/labels/reviewed_ground_truth.csv,,,,,outside_northeast_states;outside_region
1.0,GT_80bdcaabb659a7808812bb20,manual_review,2014-09-30 00:00:00+00:00,DROUGHT,meteorological/agricultural drought,HIGH,India,Maharashtra,Latur,,,district,18.41,76.56,district_centroid_or_landfall_point,,,,,,2014 drought conditions affected Latur,"Meteorological/agricultural drought conditions associated with rainfall deficiency affected Latur, Maharashtra.",Curated ground truth,https://agriwelfare.gov.in/Documents/Updated%20Drought%20Manual_0.pdf,82.0,True,2026-06-30 06:08:13.596849+00:00,/Users/ThotKash/Desktop/Project-SusBiome/data/labels/reviewed_ground_truth.csv,,,,,outside_northeast_states;outside_region
1.0,GT_16a51250fdffe5949e36a954,manual_review,2014-09-30 00:00:00+00:00,DROUGHT,meteorological/agricultural drought,HIGH,India,Uttar Pradesh,Bundelkhand/Jhansi,,,district,25.45,78.57,district_centroid_or_landfall_point,,,,,,2014 drought conditions affected Bundelkhand/Jhansi,"Meteorological/agricultural drought conditions associated with rainfall deficiency affected Bundelkhand/Jhansi, Uttar Pradesh.",Curated ground truth,https://agriwelfare.gov.in/Documents/Updated%20Drought%20Manual_0.pdf,82.0,True,2026-06-30 06:08:13.596849+00:00,/Users/ThotKash/Desktop/Project-SusBiome/data/labels/reviewed_ground_truth.csv,,,,,outside_northeast_states;outside_region
1.0,GT_355f9d083b0bfe6df8c2e76a,manual_review,2014-09-30 00:00:00+00:00,DROUGHT,meteorological/agricultural drought,HIGH,India,Odisha,Bolangir,,,district,20.7,83.48,district_centroid_or_landfall_point,,,,,,2014 drought conditions affected Bolangir,"Meteorological/agricultural drought conditions associated with rainfall deficiency affected Bolangir, Odisha.",Curated ground truth,https://agriwelfare.gov.in/Documents/Updated%20Drought%20Manual_0.pdf,82.0,True,2026-06-30 06:08:13.596849+00:00,/Users/ThotKash/Desktop/Project-SusBiome/data/labels/reviewed_ground_truth.csv,,,,,outside_northeast_states;outside_region
1.0,GT_daf0eace51af28e875eeeb17,manual_review,2014-09-30 00:00:00+00:00,DROUGHT,meteorological/agricultural drought,HIGH,India,Andhra Pradesh,Kurnool,,,district,15.83,78.05,district_centroid_or_landfall_point,,,,,,2014 drought conditions affected Kurnool,"Meteorological/agricultural drought conditions associated with rainfall deficiency affected Kurnool, Andhra Pradesh.",Curated ground truth,https://agriwelfare.gov.in/Documents/Updated%20Drought%20Manual_0.pdf,82.0,True,2026-06-30 06:08:13.596849+00:00,/Users/ThotKash/Desktop/Project-SusBiome/data/labels/reviewed_ground_truth.csv,,,,,outside_northeast_states;outside_region
1.0,GT_b748d0a5af3d2f6d5c74af5e,manual_review,2015-09-30 00:00:00+00:00,DROUGHT,meteorological/agricultural drought,HIGH,India,Maharashtra,Marathwada/Beed,,,district,18.99,75.76,district_centroid_or_landfall_point,,,,,,2015 drought conditions affected Marathwada/Beed,"Meteorological/agricultural drought conditions associated with rainfall deficiency affected Marathwada/Beed, Maharashtra.",Curated ground truth,https://agriwelfare.gov.in/Documents/Updated%20Drought%20Manual_0.pdf,82.0,True,2026-06-30 06:08:13.596849+00:00,/Users/ThotKash/Desktop/Project-SusBiome/data/labels/reviewed_ground_truth.csv,,,,,outside_northeast_states;outside_region
1.0,GT_d2021f14af9e99f1e83e14ec,manual_review,2015-09-30 00:00:00+00:00,DROUGHT,meteorological/agricultural drought,HIGH,India,Karnataka,Gadag,,,district,15.43,75.63,district_centroid_or_landfall_point,,,,,,2015 drought conditions affected Gadag,"Meteorological/agricultural drought conditions associated with rainfall deficiency affected Gadag, Karnataka.",Curated ground truth,https://agriwelfare.gov.in/Documents/Updated%20Drought%20Manual_0.pdf,82.0,True,2026-06-30 06:08:13.596849+00:00,/Users/ThotKash/Desktop/Project-SusBiome/data/labels/reviewed_ground_truth.csv,,,,,outside_northeast_states;outside_region
1.0,GT_dd166c1cd430ee92ebae13a0,manual_review,2015-09-30 00:00:00+00:00,DROUGHT,meteorological/agricultural drought,HIGH,India,Telangana,Medak,,,district,18.05,78.27,district_centroid_or_landfall_point,,,,,,2015 drought conditions affected Medak,"Meteorological/agricultural drought conditions associated with rainfall deficiency affected Medak, Telangana.",Curated ground truth,https://agriwelfare.gov.in/Documents/Updated%20Drought%20Manual_0.pdf,82.0,True,2026-06-30 06:08:13.596849+00:00,/Users/ThotKash/Desktop/Project-SusBiome/data/labels/reviewed_ground_truth.csv,,,,,outside_northeast_states;outside_region
1.0,GT_68bf5ecfafc6b47d350f4a0e,manual_review,2015-09-30 00:00:00+00:00,DROUGHT,meteorological/agricultural drought,HIGH,India,Odisha,Kalahandi,,,district,19.91,83.16,district_centroid_or_landfall_point,,,,,,2015 drought conditions affected Kalahandi,"Meteorological/agricultural drought conditions associated with rainfall deficiency affected Kalahandi, Odisha.",Curated ground truth,https://agriwelfare.gov.in/Documents/Updated%20Drought%20Manual_0.pdf,82.0,True,2026-06-30 06:08:13.596849+00:00,/Users/ThotKash/Desktop/Project-SusBiome/data/labels/reviewed_ground_truth.csv,,,,,outside_northeast_states;outside_region
1.0,GT_ee368def27a0fb4067aa659b,manual_review,2015-09-30 00:00:00+00:00,DROUGHT,meteorological/agricultural drought,HIGH,India,Chhattisgarh,Dantewada,,,district,18.9,81.35,district_centroid_or_landfall_point,,,,,,2015 drought conditions affected Dantewada,"Meteorological/agricultural drought conditions associated with rainfall deficiency affected Dantewada, Chhattisgarh.",Curated ground truth,https://agriwelfare.gov.in/Documents/Updated%20Drought%20Manual_0.pdf,82.0,True,2026-06-30 06:08:13.596849+00:00,/Users/ThotKash/Desktop/Project-SusBiome/data/labels/reviewed_ground_truth.csv,,,,,outside_northeast_states;outside_region
1.0,GT_82dfd0667d8142f4ddd0e6b0,manual_review,2016-04-30 00:00:00+00:00,DROUGHT,meteorological/agricultural drought,HIGH,India,Maharashtra,Latur,,,district,18.41,76.56,district_centroid_or_landfall_point,,,,,,2016 drought conditions affected Latur,"Meteorological/agricultural drought conditions associated with rainfall deficiency affected Latur, Maharashtra.",Curated ground truth,https://agriwelfare.gov.in/Documents/Updated%20Drought%20Manual_0.pdf,82.0,True,2026-06-30 06:08:13.596849+00:00,/Users/ThotKash/Desktop/Project-SusBiome/data/labels/reviewed_ground_truth.csv,,,,,outside_northeast_states;outside_region
1.0,GT_9026d0f800760f83b4175aae,manual_review,2016-04-30 00:00:00+00:00,DROUGHT,meteorological/agricultural drought,HIGH,India,Maharashtra,Osmanabad,,,district,18.18,76.04,district_centroid_or_landfall_point,,,,,,2016 drought conditions affected Osmanabad,"Meteorological/agricultural drought conditions associated with rainfall deficiency affected Osmanabad, Maharashtra.",Curated ground truth,https://agriwelfare.gov.in/Documents/Updated%20Drought%20Manual_0.pdf,82.0,True,2026-06-30 06:08:13.596849+00:00,/Users/ThotKash/Desktop/Project-SusBiome/data/labels/reviewed_ground_truth.csv,,,,,outside_northeast_states;outside_region
1.0,GT_3966ef2ef8fcf4aec53ff844,manual_review,2016-04-30 00:00:00+00:00,DROUGHT,meteorological/agricultural drought,HIGH,India,Karnataka,Bidar,,,district,17.91,77.52,district_centroid_or_landfall_point,,,,,,2016 drought conditions affected Bidar,"Meteorological/agricultural drought conditions associated with rainfall deficiency affected Bidar, Karnataka.",Curated ground truth,https://agriwelfare.gov.in/Documents/Updated%20Drought%20Manual_0.pdf,82.0,True,2026-06-30 06:08:13.596849+00:00,/Users/ThotKash/Desktop/Project-SusBiome/data/labels/reviewed_ground_truth.csv,,,,,outside_northeast_states;outside_region
1.0,GT_116acb289ead6947b01ec73a,manual_review,2016-04-30 00:00:00+00:00,DROUGHT,meteorological/agricultural drought,HIGH,India,Telangana,Nalgonda,,,district,17.05,79.27,district_centroid_or_landfall_point,,,,,,2016 drought conditions affected Nalgonda,"Meteorological/agricultural drought conditions associated with rainfall deficiency affected Nalgonda, Telangana.",Curated ground truth,https://agriwelfare.gov.in/Documents/Updated%20Drought%20Manual_0.pdf,82.0,True,2026-06-30 06:08:13.596849+00:00,/Users/ThotKash/Desktop/Project-SusBiome/data/labels/reviewed_ground_truth.csv,,,,,outside_northeast_states;outside_region
1.0,GT_24a264c97e018e250049b65e,manual_review,2016-04-30 00:00:00+00:00,DROUGHT,meteorological/agricultural drought,HIGH,India,Rajasthan,Barmer,,,district,25.75,71.39,district_centroid_or_landfall_point,,,,,,2016 drought conditions affected Barmer,"Meteorological/agricultural drought conditions associated with rainfall deficiency affected Barmer, Rajasthan.",Curated ground truth,https://agriwelfare.gov.in/Documents/Updated%20Drought%20Manual_0.pdf,82.0,True,2026-06-30 06:08:13.596849+00:00,/Users/ThotKash/Desktop/Project-SusBiome/data/labels/reviewed_ground_truth.csv,,,,,outside_northeast_states;outside_region
1.0,GT_35414d08e15804cf08ba874d,manual_review,2018-09-30 00:00:00+00:00,DROUGHT,meteorological/agricultural drought,HIGH,India,Maharashtra,Aurangabad,,,district,19.88,75.34,district_centroid_or_landfall_point,,,,,,2018 drought conditions affected Aurangabad,"Meteorological/agricultural drought conditions associated with rainfall deficiency affected Aurangabad, Maharashtra.",Curated ground truth,https://dst.gov.in/sites/default/files/Full%20Report_District-Level%20Climate%20Risk%20Assessment%20for%20India_Mapping%20Flood%20and%20Drought%20Risks%20Using%20IPCC%20Framework.pdf,82.0,True,2026-06-30 06:08:13.596849+00:00,/Users/ThotKash/Desktop/Project-SusBiome/data/labels/reviewed_ground_truth.csv,,,,,outside_northeast_states;outside_region
1.0,GT_abd138288a0d708d25a22db2,manual_review,2018-09-30 00:00:00+00:00,DROUGHT,meteorological/agricultural drought,HIGH,India,Karnataka,Chitradurga,,,district,14.23,76.4,district_centroid_or_landfall_point,,,,,,2018 drought conditions affected Chitradurga,"Meteorological/agricultural drought conditions associated with rainfall deficiency affected Chitradurga, Karnataka.",Curated ground truth,https://dst.gov.in/sites/default/files/Full%20Report_District-Level%20Climate%20Risk%20Assessment%20for%20India_Mapping%20Flood%20and%20Drought%20Risks%20Using%20IPCC%20Framework.pdf,82.0,True,2026-06-30 06:08:13.596849+00:00,/Users/ThotKash/Desktop/Project-SusBiome/data/labels/reviewed_ground_truth.csv,,,,,outside_northeast_states;outside_region
1.0,GT_bdbb5efb1b2d931c34597526,manual_review,2018-09-30 00:00:00+00:00,DROUGHT,meteorological/agricultural drought,HIGH,India,Andhra Pradesh,Prakasam,,,district,15.35,79.56,district_centroid_or_landfall_point,,,,,,2018 drought conditions affected Prakasam,"Meteorological/agricultural drought conditions associated with rainfall deficiency affected Prakasam, Andhra Pradesh.",Curated ground truth,https://dst.gov.in/sites/default/files/Full%20Report_District-Level%20Climate%20Risk%20Assessment%20for%20India_Mapping%20Flood%20and%20Drought%20Risks%20Using%20IPCC%20Framework.pdf,82.0,True,2026-06-30 06:08:13.596849+00:00,/Users/ThotKash/Desktop/Project-SusBiome/data/labels/reviewed_ground_truth.csv,,,,,outside_northeast_states;outside_region
1.0,GT_2c24b8ba215e38d4898b140c,manual_review,2019-06-30 00:00:00+00:00,DROUGHT,meteorological/agricultural drought,HIGH,India,Tamil Nadu,Chennai,,,district,13.08,80.27,district_centroid_or_landfall_point,,,,,,2019 drought conditions affected Chennai,"Meteorological/agricultural drought conditions associated with rainfall deficiency affected Chennai, Tamil Nadu.",Curated ground truth,https://dst.gov.in/sites/default/files/Full%20Report_District-Level%20Climate%20Risk%20Assessment%20for%20India_Mapping%20Flood%20and%20Drought%20Risks%20Using%20IPCC%20Framework.pdf,82.0,True,2026-06-30 06:08:13.596849+00:00,/Users/ThotKash/Desktop/Project-SusBiome/data/labels/reviewed_ground_truth.csv,,,,,outside_northeast_states;outside_region
1.0,GT_39adefe078a9cbec173122c5,manual_review,2019-06-30 00:00:00+00:00,DROUGHT,meteorological/agricultural drought,HIGH,India,Tamil Nadu,Vellore,,,district,12.92,79.13,district_centroid_or_landfall_point,,,,,,2019 drought conditions affected Vellore,"Meteorological/agricultural drought conditions associated with rainfall deficiency affected Vellore, Tamil Nadu.",Curated ground truth,https://dst.gov.in/sites/default/files/Full%20Report_District-Level%20Climate%20Risk%20Assessment%20for%20India_Mapping%20Flood%20and%20Drought%20Risks%20Using%20IPCC%20Framework.pdf,82.0,True,2026-06-30 06:08:13.596849+00:00,/Users/ThotKash/Desktop/Project-SusBiome/data/labels/reviewed_ground_truth.csv,,,,,outside_northeast_states;outside_region
1.0,GT_b924d435fb58c1f33e576bcd,manual_review,2009-05-25 00:00:00+00:00,CYCLONE,cyclonic storm,HIGH,India,West Bengal,South 24 Parganas,,,district,22.16,88.43,district_centroid_or_landfall_point,,,,,,Cyclone Aila landfall/impact in West Bengal,Cyclone Aila affected coastal West Bengal and Bangladesh.,Curated ground truth,https://rsmcnewdelhi.imd.gov.in/,82.0,True,2026-06-30 06:08:13.596849+00:00,/Users/ThotKash/Desktop/Project-SusBiome/data/labels/reviewed_ground_truth.csv,,,,,outside_northeast_states
1.0,GT_0315e2f656a1dc1eab6f45e3,manual_review,2009-05-25 00:00:00+00:00,CYCLONE,cyclonic storm,HIGH,India,West Bengal,Kolkata,,,district,22.57,88.36,district_centroid_or_landfall_point,,,,,,Cyclone Aila affected Kolkata,Cyclone Aila brought damaging winds and heavy rainfall.,Curated ground truth,https://rsmcnewdelhi.imd.gov.in/,82.0,True,2026-06-30 06:08:13.596849+00:00,/Users/ThotKash/Desktop/Project-SusBiome/data/labels/reviewed_ground_truth.csv,,,,,outside_northeast_states
1.0,GT_102bac5052af1e2fac975d05,manual_review,2010-05-20 00:00:00+00:00,CYCLONE,severe cyclonic storm,HIGH,India,Andhra Pradesh,Prakasam,,,district,15.35,79.56,district_centroid_or_landfall_point,,,,,,Cyclone Laila affected Andhra Pradesh,Cyclone Laila crossed/affected Andhra Pradesh coast.,Curated ground truth,https://rsmcnewdelhi.imd.gov.in/,82.0,True,2026-06-30 06:08:13.596849+00:00,/Users/ThotKash/Desktop/Project-SusBiome/data/labels/reviewed_ground_truth.csv,,,,,outside_northeast_states;outside_region
1.0,GT_84074f2fde1957fba71a5ecd,manual_review,2010-05-20 00:00:00+00:00,CYCLONE,severe cyclonic storm,HIGH,India,Andhra Pradesh,Krishna,,,district,16.17,81.13,district_centroid_or_landfall_point,,,,,,Cyclone Laila affected Krishna district,Cyclone Laila caused coastal rainfall and wind impacts.,Curated ground truth,https://rsmcnewdelhi.imd.gov.in/,82.0,True,2026-06-30 06:08:13.596849+00:00,/Users/ThotKash/Desktop/Project-SusBiome/data/labels/reviewed_ground_truth.csv,,,,,outside_northeast_states;outside_region
1.0,GT_5efed792e9c7609a041ebf21,manual_review,2011-12-30 00:00:00+00:00,CYCLONE,very severe cyclonic storm,HIGH,India,Tamil Nadu,Cuddalore,,,district,11.75,79.76,district_centroid_or_landfall_point,,,,,,Cyclone Thane hit Tamil Nadu coast,Very severe cyclonic storm Thane affected Cuddalore/Puducherry coast.,Curated ground truth,https://rsmcnewdelhi.imd.gov.in/,82.0,True,2026-06-30 06:08:13.596849+00:00,/Users/ThotKash/Desktop/Project-SusBiome/data/labels/reviewed_ground_truth.csv,,,,,outside_northeast_states;outside_region
1.0,GT_68a51d06578f31dae8de2a5d,manual_review,2011-12-30 00:00:00+00:00,CYCLONE,very severe cyclonic storm,HIGH,India,Puducherry,Puducherry,,,district,11.94,79.81,district_centroid_or_landfall_point,,,,,,Cyclone Thane affected Puducherry,Thane caused severe wind and rain impacts near Puducherry.,Curated ground truth,https://rsmcnewdelhi.imd.gov.in/,82.0,True,2026-06-30 06:08:13.596849+00:00,/Users/ThotKash/Desktop/Project-SusBiome/data/labels/reviewed_ground_truth.csv,,,,,outside_northeast_states;outside_region
1.0,GT_0c46186724ff097f030a064c,manual_review,2013-10-12 00:00:00+00:00,CYCLONE,extremely severe cyclonic storm,HIGH,India,Odisha,Ganjam,,,district,19.38,85.05,district_centroid_or_landfall_point,,,,,,Cyclone Phailin landfall near Gopalpur,Extremely severe cyclonic storm Phailin made landfall near Gopalpur.,Curated ground truth,https://rsmcnewdelhi.imd.gov.in/,82.0,True,2026-06-30 06:08:13.596849+00:00,/Users/ThotKash/Desktop/Project-SusBiome/data/labels/reviewed_ground_truth.csv,,,,,outside_northeast_states;outside_region
1.0,GT_522a6ebdbb05f51c102987fd,manual_review,2013-10-12 00:00:00+00:00,CYCLONE,extremely severe cyclonic storm,HIGH,India,Odisha,Puri,,,district,19.81,85.83,district_centroid_or_landfall_point,,,,,,Cyclone Phailin affected Puri,Phailin caused coastal impacts in Odisha.,Curated ground truth,https://rsmcnewdelhi.imd.gov.in/,82.0,True,2026-06-30 06:08:13.596849+00:00,/Users/ThotKash/Desktop/Project-SusBiome/data/labels/reviewed_ground_truth.csv,,,,,outside_northeast_states;outside_region
1.0,GT_dc8886d44c043b05ab28e3f5,manual_review,2014-10-12 00:00:00+00:00,CYCLONE,very severe cyclonic storm,HIGH,India,Andhra Pradesh,Visakhapatnam,,,district,17.69,83.22,district_centroid_or_landfall_point,,,,,,Cyclone Hudhud landfall at Visakhapatnam,Very severe cyclonic storm Hudhud crossed near Visakhapatnam.,Curated ground truth,https://rsmcnewdelhi.imd.gov.in/,82.0,True,2026-06-30 06:08:13.596849+00:00,/Users/ThotKash/Desktop/Project-SusBiome/data/labels/reviewed_ground_truth.csv,,,,,outside_northeast_states;outside_region
1.0,GT_a46bd51fb2cb0c0a7fd8678e,manual_review,2014-10-12 00:00:00+00:00,CYCLONE,very severe cyclonic storm,HIGH,India,Andhra Pradesh,Vizianagaram,,,district,18.11,83.4,district_centroid_or_landfall_point,,,,,,Cyclone Hudhud affected Vizianagaram,Hudhud brought high winds and heavy rain to north Andhra Pradesh.,Curated ground truth,https://rsmcnewdelhi.imd.gov.in/,82.0,True,2026-06-30 06:08:13.596849+00:00,/Users/ThotKash/Desktop/Project-SusBiome/data/labels/reviewed_ground_truth.csv,,,,,outside_northeast_states;outside_region
1.0,GT_396448781a2c86c1dd54fcf8,manual_review,2016-12-12 00:00:00+00:00,CYCLONE,very severe cyclonic storm,HIGH,India,Tamil Nadu,Chennai,,,district,13.08,80.27,district_centroid_or_landfall_point,,,,,,Cyclone Vardah crossed near Chennai,Very severe cyclonic storm Vardah crossed north Tamil Nadu coast.,Curated ground truth,https://rsmcnewdelhi.imd.gov.in/,82.0,True,2026-06-30 06:08:13.596849+00:00,/Users/ThotKash/Desktop/Project-SusBiome/data/labels/reviewed_ground_truth.csv,,,,,outside_northeast_states;outside_region
1.0,GT_d5f05c2eeeee6d8073bc5020,manual_review,2016-12-12 00:00:00+00:00,CYCLONE,very severe cyclonic storm,HIGH,India,Tamil Nadu,Tiruvallur,,,district,13.14,79.91,district_centroid_or_landfall_point,,,,,,Cyclone Vardah affected Tiruvallur,Vardah caused high winds and rain around Chennai/Tiruvallur.,Curated ground truth,https://rsmcnewdelhi.imd.gov.in/,82.0,True,2026-06-30 06:08:13.596849+00:00,/Users/ThotKash/Desktop/Project-SusBiome/data/labels/reviewed_ground_truth.csv,,,,,outside_northeast_states;outside_region
1.0,GT_7027bc776539c826d18f6429,manual_review,2017-11-30 00:00:00+00:00,CYCLONE,very severe cyclonic storm,HIGH,India,Kerala,Thiruvananthapuram,,,district,8.52,76.94,district_centroid_or_landfall_point,,,,,,Cyclone Ockhi affected Kerala coast,Very severe cyclonic storm Ockhi affected Kerala and Lakshadweep seas.,Curated ground truth,https://rsmcnewdelhi.imd.gov.in/,82.0,True,2026-06-30 06:08:13.596849+00:00,/Users/ThotKash/Desktop/Project-SusBiome/data/labels/reviewed_ground_truth.csv,,,,,outside_northeast_states;outside_region
1.0,GT_71450f89ab768cccca3ab7ff,manual_review,2017-11-30 00:00:00+00:00,CYCLONE,very severe cyclonic storm,HIGH,India,Tamil Nadu,Kanyakumari,,,district,8.08,77.54,district_centroid_or_landfall_point,,,,,,Cyclone Ockhi affected Kanyakumari,Ockhi caused severe marine and coastal impacts in Kanyakumari.,Curated ground truth,https://rsmcnewdelhi.imd.gov.in/,82.0,True,2026-06-30 06:08:13.596849+00:00,/Users/ThotKash/Desktop/Project-SusBiome/data/labels/reviewed_ground_truth.csv,,,,,outside_northeast_states;outside_region
1.0,GT_9f6a6b78f18a4d06d279618d,manual_review,2018-10-11 00:00:00+00:00,CYCLONE,very severe cyclonic storm,HIGH,India,Odisha,Gajapati,,,district,18.88,84.2,district_centroid_or_landfall_point,,,,,,Cyclone Titli affected Gajapati,Very severe cyclonic storm Titli affected Odisha/AP coast.,Curated ground truth,https://rsmcnewdelhi.imd.gov.in/,82.0,True,2026-06-30 06:08:13.596849+00:00,/Users/ThotKash/Desktop/Project-SusBiome/data/labels/reviewed_ground_truth.csv,,,,,outside_northeast_states;outside_region
1.0,GT_c7c9bbce2092155faf542ec9,manual_review,2018-10-11 00:00:00+00:00,CYCLONE,very severe cyclonic storm,HIGH,India,Andhra Pradesh,Srikakulam,,,district,18.3,83.9,district_centroid_or_landfall_point,,,,,,Cyclone Titli affected Srikakulam,Titli crossed near north Andhra Pradesh/south Odisha coast.,Curated ground truth,https://rsmcnewdelhi.imd.gov.in/,82.0,True,2026-06-30 06:08:13.596849+00:00,/Users/ThotKash/Desktop/Project-SusBiome/data/labels/reviewed_ground_truth.csv,,,,,outside_northeast_states;outside_region
1.0,GT_57d2fa136e97fb4fb6bcb533,manual_review,2019-05-03 00:00:00+00:00,CYCLONE,extremely severe cyclonic storm,HIGH,India,Odisha,Puri,,,district,19.81,85.83,district_centroid_or_landfall_point,,,,,,Cyclone Fani landfall near Puri,Extremely severe cyclonic storm Fani made landfall near Puri.,Curated ground truth,https://rsmcnewdelhi.imd.gov.in/,82.0,True,2026-06-30 06:08:13.596849+00:00,/Users/ThotKash/Desktop/Project-SusBiome/data/labels/reviewed_ground_truth.csv,,,,,outside_northeast_states;outside_region
1.0,GT_e7a2cf10f910300d7d2a245d,manual_review,2019-05-03 00:00:00+00:00,CYCLONE,extremely severe cyclonic storm,HIGH,India,Odisha,Khordha,,,district,20.18,85.62,district_centroid_or_landfall_point,,,,,,Cyclone Fani affected Khordha/Bhubaneswar,Fani caused major wind damage in Khordha district.,Curated ground truth,https://rsmcnewdelhi.imd.gov.in/,82.0,True,2026-06-30 06:08:13.596849+00:00,/Users/ThotKash/Desktop/Project-SusBiome/data/labels/reviewed_ground_truth.csv,,,,,outside_northeast_states;outside_region
1.0,GT_b0621d84a781dab83242fc15,manual_review,2019-11-09 00:00:00+00:00,CYCLONE,very severe cyclonic storm,HIGH,India,West Bengal,South 24 Parganas,,,district,22.16,88.43,district_centroid_or_landfall_point,,,,,,Cyclone Bulbul affected South 24 Parganas,Very severe cyclonic storm Bulbul affected coastal West Bengal.,Curated ground truth,https://rsmcnewdelhi.imd.gov.in/,82.0,True,2026-06-30 06:08:13.596849+00:00,/Users/ThotKash/Desktop/Project-SusBiome/data/labels/reviewed_ground_truth.csv,,,,,outside_northeast_states
1.0,GT_6cfbd21c67bb1e7d5962fec0,manual_review,2020-05-20 00:00:00+00:00,CYCLONE,super cyclonic storm,HIGH,India,West Bengal,North 24 Parganas,,,district,22.13,88.5,district_centroid_or_landfall_point,,,,,,Cyclone Amphan affected North 24 Parganas,Super cyclonic storm Amphan crossed the West Bengal coast.,Curated ground truth,https://rsmcnewdelhi.imd.gov.in/,82.0,True,2026-06-30 06:08:13.596849+00:00,/Users/ThotKash/Desktop/Project-SusBiome/data/labels/reviewed_ground_truth.csv,,,,,outside_northeast_states
1.0,GT_817cc7f78159997f4cfe21fb,manual_review,2020-05-20 00:00:00+00:00,CYCLONE,super cyclonic storm,HIGH,India,West Bengal,Kolkata,,,district,22.57,88.36,district_centroid_or_landfall_point,,,,,,Cyclone Amphan affected Kolkata,Amphan caused severe wind damage and flooding in Kolkata.,Curated ground truth,https://rsmcnewdelhi.imd.gov.in/,82.0,True,2026-06-30 06:08:13.596849+00:00,/Users/ThotKash/Desktop/Project-SusBiome/data/labels/reviewed_ground_truth.csv,,,,,outside_northeast_states
1.0,GT_fe673ef06cd2e39b1e328f0e,manual_review,2020-06-03 00:00:00+00:00,CYCLONE,severe cyclonic storm,HIGH,India,Maharashtra,Raigad,,,district,18.52,73.18,district_centroid_or_landfall_point,,,,,,Cyclone Nisarga landfall near Alibag/Raigad,Severe cyclonic storm Nisarga crossed Maharashtra coast near Alibag.,Curated ground truth,https://rsmcnewdelhi.imd.gov.in/,82.0,True,2026-06-30 06:08:13.596849+00:00,/Users/ThotKash/Desktop/Project-SusBiome/data/labels/reviewed_ground_truth.csv,,,,,outside_northeast_states;outside_region
1.0,GT_3f9472955d12932474942cfa,manual_review,2020-11-26 00:00:00+00:00,CYCLONE,very severe cyclonic storm,HIGH,India,Tamil Nadu,Cuddalore,,,district,11.75,79.76,district_centroid_or_landfall_point,,,,,,Cyclone Nivar crossed Tamil Nadu/Puducherry coast,Very severe cyclonic storm Nivar crossed near Puducherry/Cuddalore.,Curated ground truth,https://rsmcnewdelhi.imd.gov.in/,82.0,True,2026-06-30 06:08:13.596849+00:00,/Users/ThotKash/Desktop/Project-SusBiome/data/labels/reviewed_ground_truth.csv,,,,,outside_northeast_states;outside_region
1.0,GT_d24330d7e611f141303f7caa,manual_review,2021-05-17 00:00:00+00:00,CYCLONE,extremely severe cyclonic storm,HIGH,India,Gujarat,Gir Somnath,,,district,20.91,70.37,district_centroid_or_landfall_point,,,,,,Cyclone Tauktae landfall in Gujarat,Extremely severe cyclonic storm Tauktae crossed Gujarat coast.,Curated ground truth,https://rsmcnewdelhi.imd.gov.in/,82.0,True,2026-06-30 06:08:13.596849+00:00,/Users/ThotKash/Desktop/Project-SusBiome/data/labels/reviewed_ground_truth.csv,,,,,outside_northeast_states;outside_region
1.0,GT_332e7ae821b916ca3e45d234,manual_review,2021-05-26 00:00:00+00:00,CYCLONE,very severe cyclonic storm,HIGH,India,Odisha,Balasore,,,district,21.49,86.93,district_centroid_or_landfall_point,,,,,,Cyclone Yaas landfall near Balasore,Very severe cyclonic storm Yaas crossed north Odisha coast.,Curated ground truth,https://rsmcnewdelhi.imd.gov.in/,82.0,True,2026-06-30 06:08:13.596849+00:00,/Users/ThotKash/Desktop/Project-SusBiome/data/labels/reviewed_ground_truth.csv,,,,,outside_northeast_states;outside_region
1.0,GT_a7b3400ab9bb02c2413df577,manual_review,2021-09-26 00:00:00+00:00,CYCLONE,cyclonic storm,HIGH,India,Andhra Pradesh,Srikakulam,,,district,18.3,83.9,district_centroid_or_landfall_point,,,,,,Cyclone Gulab affected north Andhra Pradesh,Cyclonic storm Gulab crossed north Andhra/south Odisha coast.,Curated ground truth,https://rsmcnewdelhi.imd.gov.in/,82.0,True,2026-06-30 06:08:13.596849+00:00,/Users/ThotKash/Desktop/Project-SusBiome/data/labels/reviewed_ground_truth.csv,,,,,outside_northeast_states;outside_region
1.0,GT_9cca5cf1fab9cc3d67828a56,manual_review,2022-10-24 00:00:00+00:00,CYCLONE,cyclonic storm,HIGH,India,West Bengal,South 24 Parganas,,,district,22.16,88.43,district_centroid_or_landfall_point,,,,,,Cyclone Sitrang affected Bay of Bengal coast,Cyclone Sitrang caused heavy rain/wind impacts over coastal Bengal region.,Curated ground truth,https://rsmcnewdelhi.imd.gov.in/,82.0,True,2026-06-30 06:08:13.596849+00:00,/Users/ThotKash/Desktop/Project-SusBiome/data/labels/reviewed_ground_truth.csv,,,,,outside_northeast_states
1.0,GT_2c7a11a51cb1c3b44d0f6319,manual_review,2023-06-15 00:00:00+00:00,CYCLONE,very severe cyclonic storm,HIGH,India,Gujarat,Kutch,,,district,23.73,69.86,district_centroid_or_landfall_point,,,,,,Cyclone Biparjoy landfall in Kutch,"Very severe cyclonic storm Biparjoy crossed near Jakhau Port, Kutch.",Curated ground truth,https://rsmcnewdelhi.imd.gov.in/,82.0,True,2026-06-30 06:08:13.596849+00:00,/Users/ThotKash/Desktop/Project-SusBiome/data/labels/reviewed_ground_truth.csv,,,,,outside_northeast_states;outside_region
1.0,GT_7bf5b299bb134251ba341e98,manual_review,2023-12-05 00:00:00+00:00,CYCLONE,severe cyclonic storm,HIGH,India,Andhra Pradesh,Bapatla,,,district,15.9,80.47,district_centroid_or_landfall_point,,,,,,Cyclone Michaung crossed Andhra Pradesh coast,Severe cyclonic storm Michaung crossed south Andhra Pradesh coast.,Curated ground truth,https://rsmcnewdelhi.imd.gov.in/,82.0,True,2026-06-30 06:08:13.596849+00:00,/Users/ThotKash/Desktop/Project-SusBiome/data/labels/reviewed_ground_truth.csv,,,,,outside_northeast_states;outside_region
1.0,GT_02610db5338d27dcbfc6e791,manual_review,2024-05-26 00:00:00+00:00,CYCLONE,severe cyclonic storm,HIGH,India,West Bengal,South 24 Parganas,,,district,22.16,88.43,district_centroid_or_landfall_point,,,,,,Cyclone Remal landfall near West Bengal/Bangladesh coast,Severe cyclonic storm Remal made landfall near Sundarbans region.,Curated ground truth,https://rsmcnewdelhi.imd.gov.in/,82.0,True,2026-06-30 06:08:13.596849+00:00,/Users/ThotKash/Desktop/Project-SusBiome/data/labels/reviewed_ground_truth.csv,,,,,outside_northeast_states
