schema_version,event_id,source,event_date,hazard_type,hazard_subtype,severity,country,state,district,subdistrict,village,admin_level,latitude,longitude,location_source,fatalities,injured,displaced,affected_population,economic_loss,headline,description,source_name,source_url,confidence,verified,collected_at,_source_file,source_event_id,review_reason
1.0,GT_ed4926bb97d3e812d2c5ad0b,manual_review,2008-08-18 00:00:00+00:00,FLOOD,riverine flood,HIGH,India,Bihar,Supaul,,,district,26.12,86.6,district_centroid_or_landfall_point,,,,,,2008 Kosi flood affected Supaul,Kosi embankment breach triggered major flooding in north Bihar.,Curated ground truth,https://en.wikipedia.org/wiki/List_of_floods_in_India,82.0,True,2026-06-30T06:08:13.596849+00:00,curated_ground_truth_v1,,accepted_curated_replacement
1.0,GT_c09b5505e47c892e40f9755c,manual_review,2008-08-18 00:00:00+00:00,FLOOD,riverine flood,HIGH,India,Bihar,Madhepura,,,district,25.92,86.78,district_centroid_or_landfall_point,,,,,,2008 Kosi flood affected Madhepura,Kosi flood inundated Madhepura district.,Curated ground truth,https://en.wikipedia.org/wiki/List_of_floods_in_India,82.0,True,2026-06-30T06:08:13.596849+00:00,curated_ground_truth_v1,,accepted_curated_replacement
1.0,GT_f3bcff91eb3d6776863ff22f,manual_review,2009-10-02 00:00:00+00:00,FLOOD,riverine flood,HIGH,India,Andhra Pradesh,Kurnool,,,district,15.83,78.05,district_centroid_or_landfall_point,,,,,,2009 Andhra Pradesh floods affected Kurnool,Heavy monsoon rainfall and river flooding affected Kurnool.,Curated ground truth,https://en.wikipedia.org/wiki/List_of_floods_in_India,82.0,True,2026-06-30T06:08:13.596849+00:00,curated_ground_truth_v1,,accepted_curated_replacement
1.0,GT_cb087732294d01ac8dffbe9d,manual_review,2009-10-02 00:00:00+00:00,FLOOD,riverine flood,HIGH,India,Andhra Pradesh,Mahbubnagar,,,district,16.74,77.98,district_centroid_or_landfall_point,,,,,,2009 floods affected Mahbubnagar,Krishna-Tungabhadra basin flooding affected the district.,Curated ground truth,https://en.wikipedia.org/wiki/List_of_floods_in_India,82.0,True,2026-06-30T06:08:13.596849+00:00,curated_ground_truth_v1,,accepted_curated_replacement
1.0,GT_72f5557f915d98db61464cf7,manual_review,2010-08-06 00:00:00+00:00,FLOOD,flash flood,HIGH,India,Ladakh,Leh,,,district,34.15,77.58,district_centroid_or_landfall_point,,,,,,2010 Leh cloudburst flash flood,Cloudburst caused destructive flash floods in Leh.,Curated ground truth,https://en.wikipedia.org/wiki/List_of_floods_in_India,82.0,True,2026-06-30T06:08:13.596849+00:00,curated_ground_truth_v1,,accepted_curated_replacement
1.0,GT_23e70b0f4162f810a2f2c797,manual_review,2012-07-01 00:00:00+00:00,FLOOD,riverine flood,HIGH,India,Assam,Dhemaji,,,district,27.48,94.58,district_centroid_or_landfall_point,,,,,,2012 Assam floods affected Dhemaji,Brahmaputra basin flooding affected Dhemaji district.,Curated ground truth,https://ndem.nrsc.gov.in/documents/downloads/Flood%20Affected%20Area%20%20Atlas%20of%20India%20-Satellite%20based%20study.pdf,82.0,True,2026-06-30T06:08:13.596849+00:00,curated_ground_truth_v1,,accepted_curated_replacement
1.0,GT_fd639b1ebff93059d58c5ae4,manual_review,2012-07-01 00:00:00+00:00,FLOOD,riverine flood,HIGH,India,Assam,Lakhimpur,,,district,27.23,94.12,district_centroid_or_landfall_point,,,,,,2012 Assam floods affected Lakhimpur,Brahmaputra basin flooding affected Lakhimpur.,Curated ground truth,https://ndem.nrsc.gov.in/documents/downloads/Flood%20Affected%20Area%20%20Atlas%20of%20India%20-Satellite%20based%20study.pdf,82.0,True,2026-06-30T06:08:13.596849+00:00,curated_ground_truth_v1,,accepted_curated_replacement
1.0,GT_58fbe863e4278f13b68f0ae1,manual_review,2013-06-16 00:00:00+00:00,FLOOD,flash flood,HIGH,India,Uttarakhand,Rudraprayag,,,district,30.28,78.98,district_centroid_or_landfall_point,,,,,,2013 Uttarakhand floods affected Kedarnath/Rudraprayag,Extreme rainfall caused devastating floods and landslides.,Curated ground truth,https://en.wikipedia.org/wiki/List_of_floods_in_India,82.0,True,2026-06-30T06:08:13.596849+00:00,curated_ground_truth_v1,,accepted_curated_replacement
1.0,GT_e6c075ee83baa708f15f18c3,manual_review,2013-06-16 00:00:00+00:00,FLOOD,flash flood,HIGH,India,Uttarakhand,Chamoli,,,district,30.4,79.32,district_centroid_or_landfall_point,,,,,,2013 Uttarakhand floods affected Chamoli,Extreme rainfall caused flooding and slope failures.,Curated ground truth,https://en.wikipedia.org/wiki/List_of_floods_in_India,82.0,True,2026-06-30T06:08:13.596849+00:00,curated_ground_truth_v1,,accepted_curated_replacement
1.0,GT_8926c7eb7001db3070cdaa29,manual_review,2014-09-06 00:00:00+00:00,FLOOD,riverine flood,HIGH,India,Jammu and Kashmir,Srinagar,,,district,34.08,74.79,district_centroid_or_landfall_point,,,,,,2014 Kashmir floods affected Srinagar,Jhelum flooding inundated Srinagar.,Curated ground truth,https://en.wikipedia.org/wiki/List_of_floods_in_India,82.0,True,2026-06-30T06:08:13.596849+00:00,curated_ground_truth_v1,,accepted_curated_replacement
1.0,GT_028e243cb09be82cc2cc57be,manual_review,2014-09-06 00:00:00+00:00,FLOOD,riverine flood,HIGH,India,Jammu and Kashmir,Anantnag,,,district,33.73,75.15,district_centroid_or_landfall_point,,,,,,2014 Kashmir floods affected Anantnag,Heavy rainfall and Jhelum basin floods affected Anantnag.,Curated ground truth,https://en.wikipedia.org/wiki/List_of_floods_in_India,82.0,True,2026-06-30T06:08:13.596849+00:00,curated_ground_truth_v1,,accepted_curated_replacement
1.0,GT_cefa5f7ffc05b90ab749aec6,manual_review,2015-12-01 00:00:00+00:00,FLOOD,urban flood,HIGH,India,Tamil Nadu,Chennai,,,district,13.08,80.27,district_centroid_or_landfall_point,,,,,,2015 Chennai floods,Extreme rainfall caused urban flooding in Chennai.,Curated ground truth,https://en.wikipedia.org/wiki/List_of_floods_in_India,82.0,True,2026-06-30T06:08:13.596849+00:00,curated_ground_truth_v1,,accepted_curated_replacement
1.0,GT_49650e5baa0a4e5b3380b7a6,manual_review,2015-12-01 00:00:00+00:00,FLOOD,urban flood,HIGH,India,Tamil Nadu,Kanchipuram,,,district,12.84,79.7,district_centroid_or_landfall_point,,,,,,2015 floods affected Kanchipuram,Extreme rainfall affected Chennai region and Kanchipuram.,Curated ground truth,https://en.wikipedia.org/wiki/List_of_floods_in_India,82.0,True,2026-06-30T06:08:13.596849+00:00,curated_ground_truth_v1,,accepted_curated_replacement
1.0,GT_ece3a7f5b15ded5f9640fb40,manual_review,2016-07-25 00:00:00+00:00,FLOOD,riverine flood,HIGH,India,Assam,Morigaon,,,district,26.25,92.34,district_centroid_or_landfall_point,,,,,,2016 Assam floods affected Morigaon,Brahmaputra flooding affected Morigaon district.,Curated ground truth,https://ndem.nrsc.gov.in/documents/downloads/Flood%20Affected%20Area%20%20Atlas%20of%20India%20-Satellite%20based%20study.pdf,82.0,True,2026-06-30T06:08:13.596849+00:00,curated_ground_truth_v1,,accepted_curated_replacement
1.0,GT_abff3064094ebcb7a3e57356,manual_review,2016-07-25 00:00:00+00:00,FLOOD,riverine flood,HIGH,India,Assam,Dhubri,,,district,26.02,89.98,district_centroid_or_landfall_point,,,,,,2016 Assam floods affected Dhubri,Flooding along Brahmaputra affected Dhubri district.,Curated ground truth,https://ndem.nrsc.gov.in/documents/downloads/Flood%20Affected%20Area%20%20Atlas%20of%20India%20-Satellite%20based%20study.pdf,82.0,True,2026-06-30T06:08:13.596849+00:00,curated_ground_truth_v1,,accepted_curated_replacement
1.0,GT_2c8c0178304eec53bced4e4b,manual_review,2017-07-24 00:00:00+00:00,FLOOD,riverine flood,HIGH,India,Gujarat,Banaskantha,,,district,24.17,72.43,district_centroid_or_landfall_point,,,,,,2017 Gujarat floods affected Banaskantha,Heavy monsoon rainfall caused flooding in north Gujarat.,Curated ground truth,https://en.wikipedia.org/wiki/List_of_floods_in_India,82.0,True,2026-06-30T06:08:13.596849+00:00,curated_ground_truth_v1,,accepted_curated_replacement
1.0,GT_ac9c74cf4373599068324d3f,manual_review,2017-08-13 00:00:00+00:00,FLOOD,riverine flood,HIGH,India,Bihar,Sitamarhi,,,district,26.6,85.48,district_centroid_or_landfall_point,,,,,,2017 Bihar floods affected Sitamarhi,Monsoon flooding affected north Bihar districts.,Curated ground truth,https://en.wikipedia.org/wiki/List_of_floods_in_India,82.0,True,2026-06-30T06:08:13.596849+00:00,curated_ground_truth_v1,,accepted_curated_replacement
1.0,GT_d8320ef7b6500a803fbe43b0,manual_review,2018-08-16 00:00:00+00:00,FLOOD,riverine flood,HIGH,India,Kerala,Ernakulam,,,district,9.98,76.28,district_centroid_or_landfall_point,,,,,,2018 Kerala floods affected Ernakulam,Extreme monsoon rainfall and reservoir releases caused floods.,Curated ground truth,https://en.wikipedia.org/wiki/List_of_floods_in_India,82.0,True,2026-06-30T06:08:13.596849+00:00,curated_ground_truth_v1,,accepted_curated_replacement
1.0,GT_21220ff663d429555e19dd87,manual_review,2018-08-16 00:00:00+00:00,FLOOD,riverine flood,HIGH,India,Kerala,Idukki,,,district,9.85,76.97,district_centroid_or_landfall_point,,,,,,2018 Kerala floods affected Idukki,Extreme rainfall and reservoir releases affected Idukki.,Curated ground truth,https://en.wikipedia.org/wiki/List_of_floods_in_India,82.0,True,2026-06-30T06:08:13.596849+00:00,curated_ground_truth_v1,,accepted_curated_replacement
1.0,GT_6b9d950dd2c405889a0541d1,manual_review,2019-07-15 00:00:00+00:00,FLOOD,riverine flood,HIGH,India,Assam,Barpeta,,,district,26.32,91.0,district_centroid_or_landfall_point,,,,,,2019 Assam floods affected Barpeta,Brahmaputra basin flooding affected Barpeta.,Curated ground truth,https://ndem.nrsc.gov.in/documents/downloads/Flood%20Affected%20Area%20%20Atlas%20of%20India%20-Satellite%20based%20study.pdf,82.0,True,2026-06-30T06:08:13.596849+00:00,curated_ground_truth_v1,,accepted_curated_replacement
1.0,GT_e03bf92221920f56e0919f0f,manual_review,2019-08-07 00:00:00+00:00,FLOOD,riverine flood,HIGH,India,Maharashtra,Sangli,,,district,16.85,74.58,district_centroid_or_landfall_point,,,,,,2019 Maharashtra floods affected Sangli,Krishna river flooding affected Sangli.,Curated ground truth,https://en.wikipedia.org/wiki/List_of_floods_in_India,82.0,True,2026-06-30T06:08:13.596849+00:00,curated_ground_truth_v1,,accepted_curated_replacement
1.0,GT_9d4a86349a5515a4e73f5b70,manual_review,2020-07-15 00:00:00+00:00,FLOOD,riverine flood,HIGH,India,Assam,Goalpara,,,district,26.18,90.62,district_centroid_or_landfall_point,,,,,,2020 Assam floods affected Goalpara,Monsoon floods affected Goalpara district.,Curated ground truth,https://ndem.nrsc.gov.in/documents/downloads/Flood%20Affected%20Area%20%20Atlas%20of%20India%20-Satellite%20based%20study.pdf,82.0,True,2026-06-30T06:08:13.596849+00:00,curated_ground_truth_v1,,accepted_curated_replacement
1.0,GT_1521b1c1d7cdf5e180381b91,manual_review,2020-10-13 00:00:00+00:00,FLOOD,urban flood,HIGH,India,Telangana,Hyderabad,,,district,17.39,78.49,district_centroid_or_landfall_point,,,,,,2020 Hyderabad floods,Extreme rainfall caused severe urban flooding in Hyderabad.,Curated ground truth,https://en.wikipedia.org/wiki/List_of_floods_in_India,82.0,True,2026-06-30T06:08:13.596849+00:00,curated_ground_truth_v1,,accepted_curated_replacement
1.0,GT_84f5a94351af7c02e6a593a8,manual_review,2021-02-07 00:00:00+00:00,FLOOD,glacial lake/flash flood,HIGH,India,Uttarakhand,Chamoli,,,district,30.4,79.32,district_centroid_or_landfall_point,,,,,,2021 Chamoli disaster,Glacial/rock-ice avalanche generated flash flood in Chamoli.,Curated ground truth,https://en.wikipedia.org/wiki/List_of_floods_in_India,82.0,True,2026-06-30T06:08:13.596849+00:00,curated_ground_truth_v1,,accepted_curated_replacement
1.0,GT_669f1d94fe1f8861cce06da8,manual_review,2021-07-22 00:00:00+00:00,FLOOD,flash flood,HIGH,India,Maharashtra,Raigad,,,district,18.52,73.18,district_centroid_or_landfall_point,,,,,,2021 Maharashtra floods affected Raigad,Extreme rainfall caused floods and landslides in Raigad.,Curated ground truth,https://en.wikipedia.org/wiki/List_of_floods_in_India,82.0,True,2026-06-30T06:08:13.596849+00:00,curated_ground_truth_v1,,accepted_curated_replacement
1.0,GT_fe14b3c81d3e6eb370004115,manual_review,2022-06-19 00:00:00+00:00,FLOOD,riverine flood,HIGH,India,Assam,Cachar,,,district,24.83,92.78,district_centroid_or_landfall_point,,,,,,2022 Assam floods affected Cachar,Severe Assam floods affected Cachar/Silchar area.,Curated ground truth,https://en.wikipedia.org/wiki/List_of_floods_in_India,82.0,True,2026-06-30T06:08:13.596849+00:00,curated_ground_truth_v1,,accepted_curated_replacement
1.0,GT_967224922224bf933938a76c,manual_review,2022-06-19 00:00:00+00:00,FLOOD,riverine flood,HIGH,India,Assam,Nagaon,,,district,26.35,92.68,district_centroid_or_landfall_point,,,,,,2022 Assam floods affected Nagaon,Brahmaputra basin flooding affected Nagaon.,Curated ground truth,https://en.wikipedia.org/wiki/List_of_floods_in_India,82.0,True,2026-06-30T06:08:13.596849+00:00,curated_ground_truth_v1,,accepted_curated_replacement
1.0,GT_faed7e927850ffd740430841,manual_review,2023-10-04 00:00:00+00:00,FLOOD,glacial lake outburst flood,HIGH,India,Sikkim,Mangan,,,district,27.51,88.53,district_centroid_or_landfall_point,,,,,,2023 Sikkim GLOF affected Mangan,South Lhonak glacial lake outburst flood affected Teesta valley.,Curated ground truth,https://en.wikipedia.org/wiki/List_of_floods_in_India,82.0,True,2026-06-30T06:08:13.596849+00:00,curated_ground_truth_v1,,accepted_curated_replacement
1.0,GT_d910704445e28652b5769d0d,manual_review,2023-10-04 00:00:00+00:00,FLOOD,glacial lake outburst flood,HIGH,India,Sikkim,Gangtok,,,district,27.33,88.61,district_centroid_or_landfall_point,,,,,,2023 Sikkim GLOF affected Gangtok,Teesta basin flood affected Sikkim districts.,Curated ground truth,https://en.wikipedia.org/wiki/List_of_floods_in_India,82.0,True,2026-06-30T06:08:13.596849+00:00,curated_ground_truth_v1,,accepted_curated_replacement
1.0,GT_6a729f3fb27c674b43bf0265,manual_review,2024-07-02 00:00:00+00:00,FLOOD,riverine flood,HIGH,India,Assam,Dibrugarh,,,district,27.47,94.91,district_centroid_or_landfall_point,,,,,,2024 Assam floods affected Dibrugarh,Monsoon flooding affected upper Assam districts.,Curated ground truth,https://ndem.nrsc.gov.in/documents/downloads/Flood%20Affected%20Area%20%20Atlas%20of%20India%20-Satellite%20based%20study.pdf,82.0,True,2026-06-30T06:08:13.596849+00:00,curated_ground_truth_v1,,accepted_curated_replacement
1.0,GT_276a19e72662ede0f37b8e95,manual_review,2009-09-30 00:00:00+00:00,DROUGHT,meteorological/agricultural drought,HIGH,India,Maharashtra,Ahmednagar,,,district,19.09,74.74,district_centroid_or_landfall_point,,,,,,2009 drought conditions affected Ahmednagar,"Meteorological/agricultural drought conditions associated with rainfall deficiency affected Ahmednagar, Maharashtra.",Curated ground truth,https://agriwelfare.gov.in/Documents/Updated%20Drought%20Manual_0.pdf,82.0,True,2026-06-30T06:08:13.596849+00:00,curated_ground_truth_v1,,accepted_curated_replacement
1.0,GT_85569164ef8a50712956b3d6,manual_review,2009-09-30 00:00:00+00:00,DROUGHT,meteorological/agricultural drought,HIGH,India,Karnataka,Bijapur,,,district,16.83,75.71,district_centroid_or_landfall_point,,,,,,2009 drought conditions affected Bijapur,"Meteorological/agricultural drought conditions associated with rainfall deficiency affected Bijapur, Karnataka.",Curated ground truth,https://agriwelfare.gov.in/Documents/Updated%20Drought%20Manual_0.pdf,82.0,True,2026-06-30T06:08:13.596849+00:00,curated_ground_truth_v1,,accepted_curated_replacement
1.0,GT_9616eb3bbefab52708023806,manual_review,2009-09-30 00:00:00+00:00,DROUGHT,meteorological/agricultural drought,HIGH,India,Rajasthan,Jaisalmer,,,district,26.91,70.91,district_centroid_or_landfall_point,,,,,,2009 drought conditions affected Jaisalmer,"Meteorological/agricultural drought conditions associated with rainfall deficiency affected Jaisalmer, Rajasthan.",Curated ground truth,https://agriwelfare.gov.in/Documents/Updated%20Drought%20Manual_0.pdf,82.0,True,2026-06-30T06:08:13.596849+00:00,curated_ground_truth_v1,,accepted_curated_replacement
1.0,GT_76d35593f072b49935ef40a8,manual_review,2009-09-30 00:00:00+00:00,DROUGHT,meteorological/agricultural drought,HIGH,India,Andhra Pradesh,Anantapur,,,district,14.68,77.6,district_centroid_or_landfall_point,,,,,,2009 drought conditions affected Anantapur,"Meteorological/agricultural drought conditions associated with rainfall deficiency affected Anantapur, Andhra Pradesh.",Curated ground truth,https://agriwelfare.gov.in/Documents/Updated%20Drought%20Manual_0.pdf,82.0,True,2026-06-30T06:08:13.596849+00:00,curated_ground_truth_v1,,accepted_curated_replacement
1.0,GT_78748daa1cb41a6061877382,manual_review,2009-09-30 00:00:00+00:00,DROUGHT,meteorological/agricultural drought,HIGH,India,Gujarat,Kutch,,,district,23.73,69.86,district_centroid_or_landfall_point,,,,,,2009 drought conditions affected Kutch,"Meteorological/agricultural drought conditions associated with rainfall deficiency affected Kutch, Gujarat.",Curated ground truth,https://agriwelfare.gov.in/Documents/Updated%20Drought%20Manual_0.pdf,82.0,True,2026-06-30T06:08:13.596849+00:00,curated_ground_truth_v1,,accepted_curated_replacement
1.0,GT_b1525e23485aada952d3e483,manual_review,2012-09-30 00:00:00+00:00,DROUGHT,meteorological/agricultural drought,HIGH,India,Maharashtra,Solapur,,,district,17.66,75.91,district_centroid_or_landfall_point,,,,,,2012 drought conditions affected Solapur,"Meteorological/agricultural drought conditions associated with rainfall deficiency affected Solapur, Maharashtra.",Curated ground truth,https://agriwelfare.gov.in/Documents/Updated%20Drought%20Manual_0.pdf,82.0,True,2026-06-30T06:08:13.596849+00:00,curated_ground_truth_v1,,accepted_curated_replacement
1.0,GT_ba87961da2663a0d49460123,manual_review,2012-09-30 00:00:00+00:00,DROUGHT,meteorological/agricultural drought,HIGH,India,Maharashtra,Beed,,,district,18.99,75.76,district_centroid_or_landfall_point,,,,,,2012 drought conditions affected Beed,"Meteorological/agricultural drought conditions associated with rainfall deficiency affected Beed, Maharashtra.",Curated ground truth,https://agriwelfare.gov.in/Documents/Updated%20Drought%20Manual_0.pdf,82.0,True,2026-06-30T06:08:13.596849+00:00,curated_ground_truth_v1,,accepted_curated_replacement
1.0,GT_0c478b96959aa81588d60a5e,manual_review,2012-09-30 00:00:00+00:00,DROUGHT,meteorological/agricultural drought,HIGH,India,Maharashtra,Osmanabad,,,district,18.18,76.04,district_centroid_or_landfall_point,,,,,,2012 drought conditions affected Osmanabad,"Meteorological/agricultural drought conditions associated with rainfall deficiency affected Osmanabad, Maharashtra.",Curated ground truth,https://agriwelfare.gov.in/Documents/Updated%20Drought%20Manual_0.pdf,82.0,True,2026-06-30T06:08:13.596849+00:00,curated_ground_truth_v1,,accepted_curated_replacement
1.0,GT_465ef201b9a88a339b3751fa,manual_review,2012-09-30 00:00:00+00:00,DROUGHT,meteorological/agricultural drought,HIGH,India,Karnataka,Raichur,,,district,16.2,77.36,district_centroid_or_landfall_point,,,,,,2012 drought conditions affected Raichur,"Meteorological/agricultural drought conditions associated with rainfall deficiency affected Raichur, Karnataka.",Curated ground truth,https://agriwelfare.gov.in/Documents/Updated%20Drought%20Manual_0.pdf,82.0,True,2026-06-30T06:08:13.596849+00:00,curated_ground_truth_v1,,accepted_curated_replacement
1.0,GT_e25de7dedfa8f403636f059d,manual_review,2012-09-30 00:00:00+00:00,DROUGHT,meteorological/agricultural drought,HIGH,India,Karnataka,Koppal,,,district,15.35,76.15,district_centroid_or_landfall_point,,,,,,2012 drought conditions affected Koppal,"Meteorological/agricultural drought conditions associated with rainfall deficiency affected Koppal, Karnataka.",Curated ground truth,https://agriwelfare.gov.in/Documents/Updated%20Drought%20Manual_0.pdf,82.0,True,2026-06-30T06:08:13.596849+00:00,curated_ground_truth_v1,,accepted_curated_replacement
1.0,GT_869b031bea16feb9852b681c,manual_review,2014-09-30 00:00:00+00:00,DROUGHT,meteorological/agricultural drought,HIGH,India,Telangana,Mahbubnagar,,,district,16.74,77.98,district_centroid_or_landfall_point,,,,,,2014 drought conditions affected Mahbubnagar,"Meteorological/agricultural drought conditions associated with rainfall deficiency affected Mahbubnagar, Telangana.",Curated ground truth,https://agriwelfare.gov.in/Documents/Updated%20Drought%20Manual_0.pdf,82.0,True,2026-06-30T06:08:13.596849+00:00,curated_ground_truth_v1,,accepted_curated_replacement
1.0,GT_80bdcaabb659a7808812bb20,manual_review,2014-09-30 00:00:00+00:00,DROUGHT,meteorological/agricultural drought,HIGH,India,Maharashtra,Latur,,,district,18.41,76.56,district_centroid_or_landfall_point,,,,,,2014 drought conditions affected Latur,"Meteorological/agricultural drought conditions associated with rainfall deficiency affected Latur, Maharashtra.",Curated ground truth,https://agriwelfare.gov.in/Documents/Updated%20Drought%20Manual_0.pdf,82.0,True,2026-06-30T06:08:13.596849+00:00,curated_ground_truth_v1,,accepted_curated_replacement
1.0,GT_16a51250fdffe5949e36a954,manual_review,2014-09-30 00:00:00+00:00,DROUGHT,meteorological/agricultural drought,HIGH,India,Uttar Pradesh,Bundelkhand/Jhansi,,,district,25.45,78.57,district_centroid_or_landfall_point,,,,,,2014 drought conditions affected Bundelkhand/Jhansi,"Meteorological/agricultural drought conditions associated with rainfall deficiency affected Bundelkhand/Jhansi, Uttar Pradesh.",Curated ground truth,https://agriwelfare.gov.in/Documents/Updated%20Drought%20Manual_0.pdf,82.0,True,2026-06-30T06:08:13.596849+00:00,curated_ground_truth_v1,,accepted_curated_replacement
1.0,GT_355f9d083b0bfe6df8c2e76a,manual_review,2014-09-30 00:00:00+00:00,DROUGHT,meteorological/agricultural drought,HIGH,India,Odisha,Bolangir,,,district,20.7,83.48,district_centroid_or_landfall_point,,,,,,2014 drought conditions affected Bolangir,"Meteorological/agricultural drought conditions associated with rainfall deficiency affected Bolangir, Odisha.",Curated ground truth,https://agriwelfare.gov.in/Documents/Updated%20Drought%20Manual_0.pdf,82.0,True,2026-06-30T06:08:13.596849+00:00,curated_ground_truth_v1,,accepted_curated_replacement
1.0,GT_daf0eace51af28e875eeeb17,manual_review,2014-09-30 00:00:00+00:00,DROUGHT,meteorological/agricultural drought,HIGH,India,Andhra Pradesh,Kurnool,,,district,15.83,78.05,district_centroid_or_landfall_point,,,,,,2014 drought conditions affected Kurnool,"Meteorological/agricultural drought conditions associated with rainfall deficiency affected Kurnool, Andhra Pradesh.",Curated ground truth,https://agriwelfare.gov.in/Documents/Updated%20Drought%20Manual_0.pdf,82.0,True,2026-06-30T06:08:13.596849+00:00,curated_ground_truth_v1,,accepted_curated_replacement
1.0,GT_b748d0a5af3d2f6d5c74af5e,manual_review,2015-09-30 00:00:00+00:00,DROUGHT,meteorological/agricultural drought,HIGH,India,Maharashtra,Marathwada/Beed,,,district,18.99,75.76,district_centroid_or_landfall_point,,,,,,2015 drought conditions affected Marathwada/Beed,"Meteorological/agricultural drought conditions associated with rainfall deficiency affected Marathwada/Beed, Maharashtra.",Curated ground truth,https://agriwelfare.gov.in/Documents/Updated%20Drought%20Manual_0.pdf,82.0,True,2026-06-30T06:08:13.596849+00:00,curated_ground_truth_v1,,accepted_curated_replacement
1.0,GT_d2021f14af9e99f1e83e14ec,manual_review,2015-09-30 00:00:00+00:00,DROUGHT,meteorological/agricultural drought,HIGH,India,Karnataka,Gadag,,,district,15.43,75.63,district_centroid_or_landfall_point,,,,,,2015 drought conditions affected Gadag,"Meteorological/agricultural drought conditions associated with rainfall deficiency affected Gadag, Karnataka.",Curated ground truth,https://agriwelfare.gov.in/Documents/Updated%20Drought%20Manual_0.pdf,82.0,True,2026-06-30T06:08:13.596849+00:00,curated_ground_truth_v1,,accepted_curated_replacement
1.0,GT_dd166c1cd430ee92ebae13a0,manual_review,2015-09-30 00:00:00+00:00,DROUGHT,meteorological/agricultural drought,HIGH,India,Telangana,Medak,,,district,18.05,78.27,district_centroid_or_landfall_point,,,,,,2015 drought conditions affected Medak,"Meteorological/agricultural drought conditions associated with rainfall deficiency affected Medak, Telangana.",Curated ground truth,https://agriwelfare.gov.in/Documents/Updated%20Drought%20Manual_0.pdf,82.0,True,2026-06-30T06:08:13.596849+00:00,curated_ground_truth_v1,,accepted_curated_replacement
1.0,GT_68bf5ecfafc6b47d350f4a0e,manual_review,2015-09-30 00:00:00+00:00,DROUGHT,meteorological/agricultural drought,HIGH,India,Odisha,Kalahandi,,,district,19.91,83.16,district_centroid_or_landfall_point,,,,,,2015 drought conditions affected Kalahandi,"Meteorological/agricultural drought conditions associated with rainfall deficiency affected Kalahandi, Odisha.",Curated ground truth,https://agriwelfare.gov.in/Documents/Updated%20Drought%20Manual_0.pdf,82.0,True,2026-06-30T06:08:13.596849+00:00,curated_ground_truth_v1,,accepted_curated_replacement
1.0,GT_ee368def27a0fb4067aa659b,manual_review,2015-09-30 00:00:00+00:00,DROUGHT,meteorological/agricultural drought,HIGH,India,Chhattisgarh,Dantewada,,,district,18.9,81.35,district_centroid_or_landfall_point,,,,,,2015 drought conditions affected Dantewada,"Meteorological/agricultural drought conditions associated with rainfall deficiency affected Dantewada, Chhattisgarh.",Curated ground truth,https://agriwelfare.gov.in/Documents/Updated%20Drought%20Manual_0.pdf,82.0,True,2026-06-30T06:08:13.596849+00:00,curated_ground_truth_v1,,accepted_curated_replacement
1.0,GT_82dfd0667d8142f4ddd0e6b0,manual_review,2016-04-30 00:00:00+00:00,DROUGHT,meteorological/agricultural drought,HIGH,India,Maharashtra,Latur,,,district,18.41,76.56,district_centroid_or_landfall_point,,,,,,2016 drought conditions affected Latur,"Meteorological/agricultural drought conditions associated with rainfall deficiency affected Latur, Maharashtra.",Curated ground truth,https://agriwelfare.gov.in/Documents/Updated%20Drought%20Manual_0.pdf,82.0,True,2026-06-30T06:08:13.596849+00:00,curated_ground_truth_v1,,accepted_curated_replacement
1.0,GT_9026d0f800760f83b4175aae,manual_review,2016-04-30 00:00:00+00:00,DROUGHT,meteorological/agricultural drought,HIGH,India,Maharashtra,Osmanabad,,,district,18.18,76.04,district_centroid_or_landfall_point,,,,,,2016 drought conditions affected Osmanabad,"Meteorological/agricultural drought conditions associated with rainfall deficiency affected Osmanabad, Maharashtra.",Curated ground truth,https://agriwelfare.gov.in/Documents/Updated%20Drought%20Manual_0.pdf,82.0,True,2026-06-30T06:08:13.596849+00:00,curated_ground_truth_v1,,accepted_curated_replacement
1.0,GT_3966ef2ef8fcf4aec53ff844,manual_review,2016-04-30 00:00:00+00:00,DROUGHT,meteorological/agricultural drought,HIGH,India,Karnataka,Bidar,,,district,17.91,77.52,district_centroid_or_landfall_point,,,,,,2016 drought conditions affected Bidar,"Meteorological/agricultural drought conditions associated with rainfall deficiency affected Bidar, Karnataka.",Curated ground truth,https://agriwelfare.gov.in/Documents/Updated%20Drought%20Manual_0.pdf,82.0,True,2026-06-30T06:08:13.596849+00:00,curated_ground_truth_v1,,accepted_curated_replacement
1.0,GT_116acb289ead6947b01ec73a,manual_review,2016-04-30 00:00:00+00:00,DROUGHT,meteorological/agricultural drought,HIGH,India,Telangana,Nalgonda,,,district,17.05,79.27,district_centroid_or_landfall_point,,,,,,2016 drought conditions affected Nalgonda,"Meteorological/agricultural drought conditions associated with rainfall deficiency affected Nalgonda, Telangana.",Curated ground truth,https://agriwelfare.gov.in/Documents/Updated%20Drought%20Manual_0.pdf,82.0,True,2026-06-30T06:08:13.596849+00:00,curated_ground_truth_v1,,accepted_curated_replacement
1.0,GT_24a264c97e018e250049b65e,manual_review,2016-04-30 00:00:00+00:00,DROUGHT,meteorological/agricultural drought,HIGH,India,Rajasthan,Barmer,,,district,25.75,71.39,district_centroid_or_landfall_point,,,,,,2016 drought conditions affected Barmer,"Meteorological/agricultural drought conditions associated with rainfall deficiency affected Barmer, Rajasthan.",Curated ground truth,https://agriwelfare.gov.in/Documents/Updated%20Drought%20Manual_0.pdf,82.0,True,2026-06-30T06:08:13.596849+00:00,curated_ground_truth_v1,,accepted_curated_replacement
1.0,GT_35414d08e15804cf08ba874d,manual_review,2018-09-30 00:00:00+00:00,DROUGHT,meteorological/agricultural drought,HIGH,India,Maharashtra,Aurangabad,,,district,19.88,75.34,district_centroid_or_landfall_point,,,,,,2018 drought conditions affected Aurangabad,"Meteorological/agricultural drought conditions associated with rainfall deficiency affected Aurangabad, Maharashtra.",Curated ground truth,https://dst.gov.in/sites/default/files/Full%20Report_District-Level%20Climate%20Risk%20Assessment%20for%20India_Mapping%20Flood%20and%20Drought%20Risks%20Using%20IPCC%20Framework.pdf,82.0,True,2026-06-30T06:08:13.596849+00:00,curated_ground_truth_v1,,accepted_curated_replacement
1.0,GT_abd138288a0d708d25a22db2,manual_review,2018-09-30 00:00:00+00:00,DROUGHT,meteorological/agricultural drought,HIGH,India,Karnataka,Chitradurga,,,district,14.23,76.4,district_centroid_or_landfall_point,,,,,,2018 drought conditions affected Chitradurga,"Meteorological/agricultural drought conditions associated with rainfall deficiency affected Chitradurga, Karnataka.",Curated ground truth,https://dst.gov.in/sites/default/files/Full%20Report_District-Level%20Climate%20Risk%20Assessment%20for%20India_Mapping%20Flood%20and%20Drought%20Risks%20Using%20IPCC%20Framework.pdf,82.0,True,2026-06-30T06:08:13.596849+00:00,curated_ground_truth_v1,,accepted_curated_replacement
1.0,GT_bdbb5efb1b2d931c34597526,manual_review,2018-09-30 00:00:00+00:00,DROUGHT,meteorological/agricultural drought,HIGH,India,Andhra Pradesh,Prakasam,,,district,15.35,79.56,district_centroid_or_landfall_point,,,,,,2018 drought conditions affected Prakasam,"Meteorological/agricultural drought conditions associated with rainfall deficiency affected Prakasam, Andhra Pradesh.",Curated ground truth,https://dst.gov.in/sites/default/files/Full%20Report_District-Level%20Climate%20Risk%20Assessment%20for%20India_Mapping%20Flood%20and%20Drought%20Risks%20Using%20IPCC%20Framework.pdf,82.0,True,2026-06-30T06:08:13.596849+00:00,curated_ground_truth_v1,,accepted_curated_replacement
1.0,GT_2c24b8ba215e38d4898b140c,manual_review,2019-06-30 00:00:00+00:00,DROUGHT,meteorological/agricultural drought,HIGH,India,Tamil Nadu,Chennai,,,district,13.08,80.27,district_centroid_or_landfall_point,,,,,,2019 drought conditions affected Chennai,"Meteorological/agricultural drought conditions associated with rainfall deficiency affected Chennai, Tamil Nadu.",Curated ground truth,https://dst.gov.in/sites/default/files/Full%20Report_District-Level%20Climate%20Risk%20Assessment%20for%20India_Mapping%20Flood%20and%20Drought%20Risks%20Using%20IPCC%20Framework.pdf,82.0,True,2026-06-30T06:08:13.596849+00:00,curated_ground_truth_v1,,accepted_curated_replacement
1.0,GT_39adefe078a9cbec173122c5,manual_review,2019-06-30 00:00:00+00:00,DROUGHT,meteorological/agricultural drought,HIGH,India,Tamil Nadu,Vellore,,,district,12.92,79.13,district_centroid_or_landfall_point,,,,,,2019 drought conditions affected Vellore,"Meteorological/agricultural drought conditions associated with rainfall deficiency affected Vellore, Tamil Nadu.",Curated ground truth,https://dst.gov.in/sites/default/files/Full%20Report_District-Level%20Climate%20Risk%20Assessment%20for%20India_Mapping%20Flood%20and%20Drought%20Risks%20Using%20IPCC%20Framework.pdf,82.0,True,2026-06-30T06:08:13.596849+00:00,curated_ground_truth_v1,,accepted_curated_replacement
1.0,GT_b924d435fb58c1f33e576bcd,manual_review,2009-05-25 00:00:00+00:00,CYCLONE,cyclonic storm,HIGH,India,West Bengal,South 24 Parganas,,,district,22.16,88.43,district_centroid_or_landfall_point,,,,,,Cyclone Aila landfall/impact in West Bengal,Cyclone Aila affected coastal West Bengal and Bangladesh.,Curated ground truth,https://rsmcnewdelhi.imd.gov.in/,82.0,True,2026-06-30T06:08:13.596849+00:00,curated_ground_truth_v1,,accepted_curated_replacement
1.0,GT_0315e2f656a1dc1eab6f45e3,manual_review,2009-05-25 00:00:00+00:00,CYCLONE,cyclonic storm,HIGH,India,West Bengal,Kolkata,,,district,22.57,88.36,district_centroid_or_landfall_point,,,,,,Cyclone Aila affected Kolkata,Cyclone Aila brought damaging winds and heavy rainfall.,Curated ground truth,https://rsmcnewdelhi.imd.gov.in/,82.0,True,2026-06-30T06:08:13.596849+00:00,curated_ground_truth_v1,,accepted_curated_replacement
1.0,GT_102bac5052af1e2fac975d05,manual_review,2010-05-20 00:00:00+00:00,CYCLONE,severe cyclonic storm,HIGH,India,Andhra Pradesh,Prakasam,,,district,15.35,79.56,district_centroid_or_landfall_point,,,,,,Cyclone Laila affected Andhra Pradesh,Cyclone Laila crossed/affected Andhra Pradesh coast.,Curated ground truth,https://rsmcnewdelhi.imd.gov.in/,82.0,True,2026-06-30T06:08:13.596849+00:00,curated_ground_truth_v1,,accepted_curated_replacement
1.0,GT_84074f2fde1957fba71a5ecd,manual_review,2010-05-20 00:00:00+00:00,CYCLONE,severe cyclonic storm,HIGH,India,Andhra Pradesh,Krishna,,,district,16.17,81.13,district_centroid_or_landfall_point,,,,,,Cyclone Laila affected Krishna district,Cyclone Laila caused coastal rainfall and wind impacts.,Curated ground truth,https://rsmcnewdelhi.imd.gov.in/,82.0,True,2026-06-30T06:08:13.596849+00:00,curated_ground_truth_v1,,accepted_curated_replacement
1.0,GT_5efed792e9c7609a041ebf21,manual_review,2011-12-30 00:00:00+00:00,CYCLONE,very severe cyclonic storm,HIGH,India,Tamil Nadu,Cuddalore,,,district,11.75,79.76,district_centroid_or_landfall_point,,,,,,Cyclone Thane hit Tamil Nadu coast,Very severe cyclonic storm Thane affected Cuddalore/Puducherry coast.,Curated ground truth,https://rsmcnewdelhi.imd.gov.in/,82.0,True,2026-06-30T06:08:13.596849+00:00,curated_ground_truth_v1,,accepted_curated_replacement
1.0,GT_68a51d06578f31dae8de2a5d,manual_review,2011-12-30 00:00:00+00:00,CYCLONE,very severe cyclonic storm,HIGH,India,Puducherry,Puducherry,,,district,11.94,79.81,district_centroid_or_landfall_point,,,,,,Cyclone Thane affected Puducherry,Thane caused severe wind and rain impacts near Puducherry.,Curated ground truth,https://rsmcnewdelhi.imd.gov.in/,82.0,True,2026-06-30T06:08:13.596849+00:00,curated_ground_truth_v1,,accepted_curated_replacement
1.0,GT_0c46186724ff097f030a064c,manual_review,2013-10-12 00:00:00+00:00,CYCLONE,extremely severe cyclonic storm,HIGH,India,Odisha,Ganjam,,,district,19.38,85.05,district_centroid_or_landfall_point,,,,,,Cyclone Phailin landfall near Gopalpur,Extremely severe cyclonic storm Phailin made landfall near Gopalpur.,Curated ground truth,https://rsmcnewdelhi.imd.gov.in/,82.0,True,2026-06-30T06:08:13.596849+00:00,curated_ground_truth_v1,,accepted_curated_replacement
1.0,GT_522a6ebdbb05f51c102987fd,manual_review,2013-10-12 00:00:00+00:00,CYCLONE,extremely severe cyclonic storm,HIGH,India,Odisha,Puri,,,district,19.81,85.83,district_centroid_or_landfall_point,,,,,,Cyclone Phailin affected Puri,Phailin caused coastal impacts in Odisha.,Curated ground truth,https://rsmcnewdelhi.imd.gov.in/,82.0,True,2026-06-30T06:08:13.596849+00:00,curated_ground_truth_v1,,accepted_curated_replacement
1.0,GT_dc8886d44c043b05ab28e3f5,manual_review,2014-10-12 00:00:00+00:00,CYCLONE,very severe cyclonic storm,HIGH,India,Andhra Pradesh,Visakhapatnam,,,district,17.69,83.22,district_centroid_or_landfall_point,,,,,,Cyclone Hudhud landfall at Visakhapatnam,Very severe cyclonic storm Hudhud crossed near Visakhapatnam.,Curated ground truth,https://rsmcnewdelhi.imd.gov.in/,82.0,True,2026-06-30T06:08:13.596849+00:00,curated_ground_truth_v1,,accepted_curated_replacement
1.0,GT_a46bd51fb2cb0c0a7fd8678e,manual_review,2014-10-12 00:00:00+00:00,CYCLONE,very severe cyclonic storm,HIGH,India,Andhra Pradesh,Vizianagaram,,,district,18.11,83.4,district_centroid_or_landfall_point,,,,,,Cyclone Hudhud affected Vizianagaram,Hudhud brought high winds and heavy rain to north Andhra Pradesh.,Curated ground truth,https://rsmcnewdelhi.imd.gov.in/,82.0,True,2026-06-30T06:08:13.596849+00:00,curated_ground_truth_v1,,accepted_curated_replacement
1.0,GT_396448781a2c86c1dd54fcf8,manual_review,2016-12-12 00:00:00+00:00,CYCLONE,very severe cyclonic storm,HIGH,India,Tamil Nadu,Chennai,,,district,13.08,80.27,district_centroid_or_landfall_point,,,,,,Cyclone Vardah crossed near Chennai,Very severe cyclonic storm Vardah crossed north Tamil Nadu coast.,Curated ground truth,https://rsmcnewdelhi.imd.gov.in/,82.0,True,2026-06-30T06:08:13.596849+00:00,curated_ground_truth_v1,,accepted_curated_replacement
1.0,GT_d5f05c2eeeee6d8073bc5020,manual_review,2016-12-12 00:00:00+00:00,CYCLONE,very severe cyclonic storm,HIGH,India,Tamil Nadu,Tiruvallur,,,district,13.14,79.91,district_centroid_or_landfall_point,,,,,,Cyclone Vardah affected Tiruvallur,Vardah caused high winds and rain around Chennai/Tiruvallur.,Curated ground truth,https://rsmcnewdelhi.imd.gov.in/,82.0,True,2026-06-30T06:08:13.596849+00:00,curated_ground_truth_v1,,accepted_curated_replacement
1.0,GT_7027bc776539c826d18f6429,manual_review,2017-11-30 00:00:00+00:00,CYCLONE,very severe cyclonic storm,HIGH,India,Kerala,Thiruvananthapuram,,,district,8.52,76.94,district_centroid_or_landfall_point,,,,,,Cyclone Ockhi affected Kerala coast,Very severe cyclonic storm Ockhi affected Kerala and Lakshadweep seas.,Curated ground truth,https://rsmcnewdelhi.imd.gov.in/,82.0,True,2026-06-30T06:08:13.596849+00:00,curated_ground_truth_v1,,accepted_curated_replacement
1.0,GT_71450f89ab768cccca3ab7ff,manual_review,2017-11-30 00:00:00+00:00,CYCLONE,very severe cyclonic storm,HIGH,India,Tamil Nadu,Kanyakumari,,,district,8.08,77.54,district_centroid_or_landfall_point,,,,,,Cyclone Ockhi affected Kanyakumari,Ockhi caused severe marine and coastal impacts in Kanyakumari.,Curated ground truth,https://rsmcnewdelhi.imd.gov.in/,82.0,True,2026-06-30T06:08:13.596849+00:00,curated_ground_truth_v1,,accepted_curated_replacement
1.0,GT_9f6a6b78f18a4d06d279618d,manual_review,2018-10-11 00:00:00+00:00,CYCLONE,very severe cyclonic storm,HIGH,India,Odisha,Gajapati,,,district,18.88,84.2,district_centroid_or_landfall_point,,,,,,Cyclone Titli affected Gajapati,Very severe cyclonic storm Titli affected Odisha/AP coast.,Curated ground truth,https://rsmcnewdelhi.imd.gov.in/,82.0,True,2026-06-30T06:08:13.596849+00:00,curated_ground_truth_v1,,accepted_curated_replacement
1.0,GT_c7c9bbce2092155faf542ec9,manual_review,2018-10-11 00:00:00+00:00,CYCLONE,very severe cyclonic storm,HIGH,India,Andhra Pradesh,Srikakulam,,,district,18.3,83.9,district_centroid_or_landfall_point,,,,,,Cyclone Titli affected Srikakulam,Titli crossed near north Andhra Pradesh/south Odisha coast.,Curated ground truth,https://rsmcnewdelhi.imd.gov.in/,82.0,True,2026-06-30T06:08:13.596849+00:00,curated_ground_truth_v1,,accepted_curated_replacement
1.0,GT_57d2fa136e97fb4fb6bcb533,manual_review,2019-05-03 00:00:00+00:00,CYCLONE,extremely severe cyclonic storm,HIGH,India,Odisha,Puri,,,district,19.81,85.83,district_centroid_or_landfall_point,,,,,,Cyclone Fani landfall near Puri,Extremely severe cyclonic storm Fani made landfall near Puri.,Curated ground truth,https://rsmcnewdelhi.imd.gov.in/,82.0,True,2026-06-30T06:08:13.596849+00:00,curated_ground_truth_v1,,accepted_curated_replacement
1.0,GT_e7a2cf10f910300d7d2a245d,manual_review,2019-05-03 00:00:00+00:00,CYCLONE,extremely severe cyclonic storm,HIGH,India,Odisha,Khordha,,,district,20.18,85.62,district_centroid_or_landfall_point,,,,,,Cyclone Fani affected Khordha/Bhubaneswar,Fani caused major wind damage in Khordha district.,Curated ground truth,https://rsmcnewdelhi.imd.gov.in/,82.0,True,2026-06-30T06:08:13.596849+00:00,curated_ground_truth_v1,,accepted_curated_replacement
1.0,GT_b0621d84a781dab83242fc15,manual_review,2019-11-09 00:00:00+00:00,CYCLONE,very severe cyclonic storm,HIGH,India,West Bengal,South 24 Parganas,,,district,22.16,88.43,district_centroid_or_landfall_point,,,,,,Cyclone Bulbul affected South 24 Parganas,Very severe cyclonic storm Bulbul affected coastal West Bengal.,Curated ground truth,https://rsmcnewdelhi.imd.gov.in/,82.0,True,2026-06-30T06:08:13.596849+00:00,curated_ground_truth_v1,,accepted_curated_replacement
1.0,GT_6cfbd21c67bb1e7d5962fec0,manual_review,2020-05-20 00:00:00+00:00,CYCLONE,super cyclonic storm,HIGH,India,West Bengal,North 24 Parganas,,,district,22.13,88.5,district_centroid_or_landfall_point,,,,,,Cyclone Amphan affected North 24 Parganas,Super cyclonic storm Amphan crossed the West Bengal coast.,Curated ground truth,https://rsmcnewdelhi.imd.gov.in/,82.0,True,2026-06-30T06:08:13.596849+00:00,curated_ground_truth_v1,,accepted_curated_replacement
1.0,GT_817cc7f78159997f4cfe21fb,manual_review,2020-05-20 00:00:00+00:00,CYCLONE,super cyclonic storm,HIGH,India,West Bengal,Kolkata,,,district,22.57,88.36,district_centroid_or_landfall_point,,,,,,Cyclone Amphan affected Kolkata,Amphan caused severe wind damage and flooding in Kolkata.,Curated ground truth,https://rsmcnewdelhi.imd.gov.in/,82.0,True,2026-06-30T06:08:13.596849+00:00,curated_ground_truth_v1,,accepted_curated_replacement
1.0,GT_fe673ef06cd2e39b1e328f0e,manual_review,2020-06-03 00:00:00+00:00,CYCLONE,severe cyclonic storm,HIGH,India,Maharashtra,Raigad,,,district,18.52,73.18,district_centroid_or_landfall_point,,,,,,Cyclone Nisarga landfall near Alibag/Raigad,Severe cyclonic storm Nisarga crossed Maharashtra coast near Alibag.,Curated ground truth,https://rsmcnewdelhi.imd.gov.in/,82.0,True,2026-06-30T06:08:13.596849+00:00,curated_ground_truth_v1,,accepted_curated_replacement
1.0,GT_3f9472955d12932474942cfa,manual_review,2020-11-26 00:00:00+00:00,CYCLONE,very severe cyclonic storm,HIGH,India,Tamil Nadu,Cuddalore,,,district,11.75,79.76,district_centroid_or_landfall_point,,,,,,Cyclone Nivar crossed Tamil Nadu/Puducherry coast,Very severe cyclonic storm Nivar crossed near Puducherry/Cuddalore.,Curated ground truth,https://rsmcnewdelhi.imd.gov.in/,82.0,True,2026-06-30T06:08:13.596849+00:00,curated_ground_truth_v1,,accepted_curated_replacement
1.0,GT_d24330d7e611f141303f7caa,manual_review,2021-05-17 00:00:00+00:00,CYCLONE,extremely severe cyclonic storm,HIGH,India,Gujarat,Gir Somnath,,,district,20.91,70.37,district_centroid_or_landfall_point,,,,,,Cyclone Tauktae landfall in Gujarat,Extremely severe cyclonic storm Tauktae crossed Gujarat coast.,Curated ground truth,https://rsmcnewdelhi.imd.gov.in/,82.0,True,2026-06-30T06:08:13.596849+00:00,curated_ground_truth_v1,,accepted_curated_replacement
1.0,GT_332e7ae821b916ca3e45d234,manual_review,2021-05-26 00:00:00+00:00,CYCLONE,very severe cyclonic storm,HIGH,India,Odisha,Balasore,,,district,21.49,86.93,district_centroid_or_landfall_point,,,,,,Cyclone Yaas landfall near Balasore,Very severe cyclonic storm Yaas crossed north Odisha coast.,Curated ground truth,https://rsmcnewdelhi.imd.gov.in/,82.0,True,2026-06-30T06:08:13.596849+00:00,curated_ground_truth_v1,,accepted_curated_replacement
1.0,GT_a7b3400ab9bb02c2413df577,manual_review,2021-09-26 00:00:00+00:00,CYCLONE,cyclonic storm,HIGH,India,Andhra Pradesh,Srikakulam,,,district,18.3,83.9,district_centroid_or_landfall_point,,,,,,Cyclone Gulab affected north Andhra Pradesh,Cyclonic storm Gulab crossed north Andhra/south Odisha coast.,Curated ground truth,https://rsmcnewdelhi.imd.gov.in/,82.0,True,2026-06-30T06:08:13.596849+00:00,curated_ground_truth_v1,,accepted_curated_replacement
1.0,GT_9cca5cf1fab9cc3d67828a56,manual_review,2022-10-24 00:00:00+00:00,CYCLONE,cyclonic storm,HIGH,India,West Bengal,South 24 Parganas,,,district,22.16,88.43,district_centroid_or_landfall_point,,,,,,Cyclone Sitrang affected Bay of Bengal coast,Cyclone Sitrang caused heavy rain/wind impacts over coastal Bengal region.,Curated ground truth,https://rsmcnewdelhi.imd.gov.in/,82.0,True,2026-06-30T06:08:13.596849+00:00,curated_ground_truth_v1,,accepted_curated_replacement
1.0,GT_2c7a11a51cb1c3b44d0f6319,manual_review,2023-06-15 00:00:00+00:00,CYCLONE,very severe cyclonic storm,HIGH,India,Gujarat,Kutch,,,district,23.73,69.86,district_centroid_or_landfall_point,,,,,,Cyclone Biparjoy landfall in Kutch,"Very severe cyclonic storm Biparjoy crossed near Jakhau Port, Kutch.",Curated ground truth,https://rsmcnewdelhi.imd.gov.in/,82.0,True,2026-06-30T06:08:13.596849+00:00,curated_ground_truth_v1,,accepted_curated_replacement
1.0,GT_7bf5b299bb134251ba341e98,manual_review,2023-12-05 00:00:00+00:00,CYCLONE,severe cyclonic storm,HIGH,India,Andhra Pradesh,Bapatla,,,district,15.9,80.47,district_centroid_or_landfall_point,,,,,,Cyclone Michaung crossed Andhra Pradesh coast,Severe cyclonic storm Michaung crossed south Andhra Pradesh coast.,Curated ground truth,https://rsmcnewdelhi.imd.gov.in/,82.0,True,2026-06-30T06:08:13.596849+00:00,curated_ground_truth_v1,,accepted_curated_replacement
1.0,GT_02610db5338d27dcbfc6e791,manual_review,2024-05-26 00:00:00+00:00,CYCLONE,severe cyclonic storm,HIGH,India,West Bengal,South 24 Parganas,,,district,22.16,88.43,district_centroid_or_landfall_point,,,,,,Cyclone Remal landfall near West Bengal/Bangladesh coast,Severe cyclonic storm Remal made landfall near Sundarbans region.,Curated ground truth,https://rsmcnewdelhi.imd.gov.in/,82.0,True,2026-06-30T06:08:13.596849+00:00,curated_ground_truth_v1,,accepted_curated_replacement
