event_date,hazard_type,state,district,source,source_event_id,headline,source_url,current_confidence,review_status,event_occurred_in_district,date_correct,reviewer_notes
2006-05-31,FLOOD,Assam,Golaghat,GDACS,2879,Flood in India,https://www.gdacs.org/report.aspx?eventid=2879&eventtype=FL,90.0,PENDING,,,
2007-10-17,FLOOD,Manipur,Imphal East,GDACS,3208,Flood in India,https://www.gdacs.org/report.aspx?eventid=3208&eventtype=FL,90.0,PENDING,,,
2008-07-20,FLOOD,Sikkim,Gangtok,GDACS,3338,Flood in India,https://www.gdacs.org/report.aspx?eventid=3338&eventtype=FL,90.0,PENDING,,,
2010-03-24,FLOOD,Assam,Dhemaji,GDACS,3626,Flood in India,https://www.gdacs.org/report.aspx?eventid=3626&eventtype=FL,90.0,PENDING,,,
2011-07-01,FLOOD,Assam,Lakhimpur,GDACS,3835,Flood in India,https://www.gdacs.org/report.aspx?eventid=3835&eventtype=FL,90.0,PENDING,,,
2012-07-01,FLOOD,Assam,Lakhimpur,manual_review,,2012 Assam floods affected Lakhimpur,https://ndem.nrsc.gov.in/documents/downloads/Flood%20Affected%20Area%20%20Atlas%20of%20India%20-Satellite%20based%20study.pdf,82.0,PENDING,,,
2014-06-23,FLOOD,Arunachal Pradesh,Lower Siang,GDACS,4154,Flood in India,https://www.gdacs.org/report.aspx?eventid=4154&eventtype=FL,90.0,PENDING,,,
2015-08-13,FLOOD,Arunachal Pradesh,Papum Pare,GDACS,4288,Flood in India,https://www.gdacs.org/report.aspx?eventid=4288&eventtype=FL,90.0,PENDING,,,
2016-07-25,FLOOD,Assam,Dhubri,manual_review,,2016 Assam floods affected Dhubri,https://ndem.nrsc.gov.in/documents/downloads/Flood%20Affected%20Area%20%20Atlas%20of%20India%20-Satellite%20based%20study.pdf,82.0,PENDING,,,
2017-07-11,FLOOD,Arunachal Pradesh,Papum Pare,GDACS,1000111,Flood in India,https://www.gdacs.org/report.aspx?eventid=1000111&eventtype=FL,90.0,PENDING,,,
2020-06-20,FLOOD,Assam,Barpeta,GDACS,1100515,Flood in India,https://www.gdacs.org/report.aspx?eventid=1100515&eventtype=FL,90.0,PENDING,,,
2022-04-03,FLOOD,Meghalaya,West Jaintia Hills,GDACS,1101337,Flood in India,https://www.gdacs.org/report.aspx?eventid=1101337&eventtype=FL,90.0,PENDING,,,
2022-06-19,FLOOD,Assam,Nagaon,manual_review,,2022 Assam floods affected Nagaon,https://en.wikipedia.org/wiki/List_of_floods_in_India,82.0,PENDING,,,
2025-04-24,FLOOD,Sikkim,Mangan,GDACS,1103235,Flood in India,https://www.gdacs.org/report.aspx?eventid=1103235&eventtype=FL,90.0,PENDING,,,
2025-07-05,FLOOD,Nagaland,Dimapur,GDACS,1103374,Flood in India,https://www.gdacs.org/report.aspx?eventid=1103374&eventtype=FL,90.0,PENDING,,,
2007-05-15,CYCLONE,Mizoram,Aizawl,IBTRACS,2007133N15091,IBTrACS cyclone AKASH near Aizawl,https://www.ncei.noaa.gov/products/international-best-track-archive,95.0,PENDING,,,
2007-05-15,CYCLONE,Tripura,South Tripura,IBTRACS,2007133N15091,IBTrACS cyclone AKASH near South Tripura,https://www.ncei.noaa.gov/products/international-best-track-archive,95.0,PENDING,,,
2009-04-18,CYCLONE,Mizoram,Hnahthial,IBTRACS,2009104N13088,IBTrACS cyclone BIJLI near Hnahthial,https://www.ncei.noaa.gov/products/international-best-track-archive,95.0,PENDING,,,
2013-05-16,CYCLONE,Assam,Karimganj,IBTRACS,2013130N04093,IBTrACS cyclone MAHASEN:VIYARU near Karimganj,https://www.ncei.noaa.gov/products/international-best-track-archive,95.0,PENDING,,,
2013-05-16,CYCLONE,Mizoram,Saitual,IBTRACS,2013130N04093,IBTrACS cyclone MAHASEN:VIYARU near Saitual,https://www.ncei.noaa.gov/products/international-best-track-archive,95.0,PENDING,,,
2013-05-16,CYCLONE,Tripura,South Tripura,IBTRACS,2013130N04093,IBTrACS cyclone MAHASEN:VIYARU near South Tripura,https://www.ncei.noaa.gov/products/international-best-track-archive,95.0,PENDING,,,
2016-05-21,CYCLONE,Mizoram,Lunglei,IBTRACS,2016138N10081,IBTrACS cyclone ROANU near Lunglei,https://www.ncei.noaa.gov/products/international-best-track-archive,95.0,PENDING,,,
2017-05-30,CYCLONE,Assam,Dima Hasao,IBTRACS,2017147N14087,IBTrACS cyclone MORA near Dima Hasao,https://www.ncei.noaa.gov/products/international-best-track-archive,95.0,PENDING,,,
2017-05-30,CYCLONE,Manipur,Pherzawl,IBTRACS,2017147N14087,IBTrACS cyclone MORA near Pherzawl,https://www.ncei.noaa.gov/products/international-best-track-archive,95.0,PENDING,,,
2017-05-30,CYCLONE,Mizoram,Hnahthial,IBTRACS,2017147N14087,IBTrACS cyclone MORA near Hnahthial,https://www.ncei.noaa.gov/products/international-best-track-archive,95.0,PENDING,,,
2017-05-30,CYCLONE,Tripura,Gomati,IBTRACS,2017147N14087,IBTrACS cyclone MORA near Gomati,https://www.ncei.noaa.gov/products/international-best-track-archive,95.0,PENDING,,,
2017-05-30,CYCLONE,Tripura,West Tripura,IBTRACS,2017147N14087,IBTrACS cyclone MORA near West Tripura,https://www.ncei.noaa.gov/products/international-best-track-archive,95.0,PENDING,,,
2022-10-24,CYCLONE,Tripura,Gomati,IBTRACS,2022295N13093,IBTrACS cyclone SITRANG near Gomati,https://www.ncei.noaa.gov/products/international-best-track-archive,95.0,PENDING,,,
2023-10-25,CYCLONE,Mizoram,Siaha,IBTRACS,2023293N12089,IBTrACS cyclone HAMOON near Siaha,https://www.ncei.noaa.gov/products/international-best-track-archive,95.0,PENDING,,,
2023-11-17,CYCLONE,Tripura,West Tripura,IBTRACS,2023317N10094,IBTrACS cyclone MIDHILI near West Tripura,https://www.ncei.noaa.gov/products/international-best-track-archive,95.0,PENDING,,,
