state,district,latitude,longitude
Assam,Bajali,26.47,91.00
Assam,Baksa,26.70,91.43
Assam,Barpeta,26.32,91.00
Assam,Biswanath,26.73,93.15
Assam,Bongaigaon,26.47,90.55
Assam,Cachar,24.83,92.78
Assam,Charaideo,27.02,94.68
Assam,Chirang,26.65,90.65
Assam,Darrang,26.45,92.03
Assam,Dhemaji,27.48,94.58
Assam,Dhubri,26.02,89.97
Assam,Dibrugarh,27.48,94.91
Assam,Dima Hasao,25.27,93.02
Assam,Goalpara,26.17,90.62
Assam,Golaghat,26.52,93.97
Assam,Hailakandi,24.68,92.57
Assam,Hojai,26.00,92.87
Assam,Jorhat,26.75,94.20
Assam,Kamrup,26.17,91.73
Assam,Kamrup Metro,26.18,91.75
Assam,Karbi Anglong,25.84,93.43
Assam,Karimganj,24.87,92.35
Assam,Kokrajhar,26.40,90.27
Assam,Lakhimpur,27.23,94.10
Assam,Majuli,27.00,94.22
Assam,Morigaon,26.25,92.35
Assam,Nagaon,26.35,92.68
Assam,Nalbari,26.45,91.43
Assam,Sivasagar,26.98,94.63
Assam,Sonitpur,26.63,92.80
Assam,South Salmara-Mankachar,25.95,89.90
Assam,Tamulpur,26.68,91.10
Assam,Tinsukia,27.50,95.35
Assam,Udalguri,26.75,92.10
Assam,West Karbi Anglong,25.90,92.95
Arunachal Pradesh,Anjaw,28.06,96.83
Arunachal Pradesh,Bichom,27.35,92.82
Arunachal Pradesh,Changlang,27.13,95.73
Arunachal Pradesh,Dibang Valley,28.70,95.85
Arunachal Pradesh,East Kameng,27.35,92.62
Arunachal Pradesh,East Siang,28.15,95.33
Arunachal Pradesh,Kamle,27.98,93.52
Arunachal Pradesh,Kra Daadi,27.82,93.17
Arunachal Pradesh,Kurung Kumey,27.99,93.39
Arunachal Pradesh,Lepa Rada,27.55,93.82
Arunachal Pradesh,Lohit,27.90,96.17
Arunachal Pradesh,Longding,26.95,95.33
Arunachal Pradesh,Lower Dibang Valley,28.20,95.90
Arunachal Pradesh,Lower Siang,27.77,94.88
Arunachal Pradesh,Lower Subansiri,27.63,93.83
Arunachal Pradesh,Namsai,27.67,95.87
Arunachal Pradesh,Pakke-Kessang,27.22,92.98
Arunachal Pradesh,Papum Pare,27.10,93.62
Arunachal Pradesh,Itanagar Capital Complex,27.084,93.605
Arunachal Pradesh,Shi Yomi,28.65,94.12
Arunachal Pradesh,Siang,28.40,94.95
Arunachal Pradesh,Tawang,27.58,91.86
Arunachal Pradesh,Tirap,27.02,95.50
Arunachal Pradesh,Upper Siang,28.65,95.05
Arunachal Pradesh,Upper Subansiri,28.30,94.00
Arunachal Pradesh,West Kameng,27.40,92.42
Arunachal Pradesh,West Siang,28.40,94.68
Arunachal Pradesh,Keyi Panyor,27.90,93.70
Manipur,Bishnupur,24.63,93.77
Manipur,Chandel,24.33,94.00
Manipur,Churachandpur,24.33,93.67
Manipur,Imphal East,24.81,93.95
Manipur,Imphal West,24.82,93.94
Manipur,Jiribam,24.80,93.12
Manipur,Kakching,24.50,93.98
Manipur,Kamjong,24.87,94.52
Manipur,Kangpokpi,25.15,93.98
Manipur,Noney,24.85,93.50
Manipur,Pherzawl,24.27,93.18
Manipur,Senapati,25.27,94.02
Manipur,Tamenglong,24.98,93.50
Manipur,Tengnoupal,24.25,94.25
Manipur,Thoubal,24.63,93.98
Manipur,Ukhrul,25.10,94.37
Meghalaya,East Garo Hills,25.57,90.22
Meghalaya,East Jaintia Hills,25.37,92.37
Meghalaya,East Khasi Hills,25.57,91.88
Meghalaya,North Garo Hills,25.90,90.55
Meghalaya,Ri-Bhoi,25.90,91.85
Meghalaya,South Garo Hills,25.27,90.58
Meghalaya,South West Garo Hills,25.45,89.98
Meghalaya,South West Khasi Hills,25.35,91.28
Meghalaya,West Garo Hills,25.57,90.22
Meghalaya,West Jaintia Hills,25.45,92.20
Meghalaya,West Khasi Hills,25.52,91.27
Meghalaya,Eastern West Khasi Hills,25.47,91.47
Mizoram,Aizawl,23.73,92.72
Mizoram,Champhai,23.46,93.33
Mizoram,Hnahthial,22.97,92.93
Mizoram,Khawzawl,23.52,93.28
Mizoram,Kolasib,24.22,92.68
Mizoram,Lawngtlai,22.53,92.90
Mizoram,Lunglei,22.88,92.73
Mizoram,Mamit,23.93,92.48
Mizoram,Saitual,23.97,92.96
Mizoram,Serchhip,23.30,92.85
Mizoram,Siaha,22.48,92.98
Nagaland,Chumoukedima,25.91,93.73
Nagaland,Dimapur,25.91,93.72
Nagaland,Kiphire,25.90,94.78
Nagaland,Kohima,25.67,94.11
Nagaland,Longleng,26.49,94.82
Nagaland,Meluri,25.688,94.631
Nagaland,Mokokchung,26.32,94.52
Nagaland,Mon,26.74,95.06
Nagaland,Niuland,25.80,93.78
Nagaland,Noklak,26.20,95.02
Nagaland,Peren,25.52,93.73
Nagaland,Phek,25.67,94.47
Nagaland,Shamator,26.25,94.95
Nagaland,Tseminyu,25.93,94.22
Nagaland,Tuensang,26.27,94.83
Nagaland,Wokha,26.10,94.27
Nagaland,Zunheboto,26.00,94.52
Tripura,Dhalai,23.84,91.93
Tripura,Gomati,23.53,91.48
Tripura,Khowai,24.07,91.60
Tripura,North Tripura,24.32,92.02
Tripura,Sepahijala,23.67,91.32
Tripura,South Tripura,23.20,91.62
Tripura,Unakoti,24.32,92.02
Tripura,West Tripura,23.83,91.28
Sikkim,Gangtok,27.33,88.61
Sikkim,Gyalshing,27.29,88.25
Sikkim,Mangan,27.52,88.53
Sikkim,Namchi,27.17,88.37
Sikkim,Pakyong,27.23,88.60
Sikkim,Soreng,27.13,88.28
